codigo_entidad,entidad,categoria_comercial,regimen_inscripcion,ph_monto_mora,ph_monto_cartera,ph_tasa_mora_monto_pct,ph_personas_mora,ph_personas_cartera,ph_tasa_mora_personas_pct,ph_credito_promedio_mora,pj_monto_mora,pj_monto_cartera,pj_tasa_mora_monto_pct,pj_sociedades_mora,pj_sociedades_cartera,total_monto_mora,total_tasa_mora_monto_pct
00007,BANCO DE GALICIA Y BUENOS AIRES S.A.,Bancos Privados,Entidades Financieras - Bancos,1723491671000,9743733369000,17.69,513484,2335249,21.99,3356466,383465472000,12863190388000,2.98,12640,136283,2106957143000,9.32
00011,BANCO DE LA NACION ARGENTINA,Banco Nación,Entidades Financieras - Bancos,1552668651000,19324074373000,8.03,377731,2379450,15.87,4110514,493014429000,14565268482000,3.38,2866,34983,2045683080000,6.04
00072,BANCO SANTANDER ARGENTINA S.A.,Bancos Privados,Entidades Financieras - Bancos,1416440227000,8320111818000,17.02,222374,1789947,12.42,6369631,185323844000,6605013100000,2.81,5660,48364,1601764071000,10.73
00014,BANCO DE LA PROVINCIA DE BUENOS AIRES,Bancos Provinciales,Entidades Financieras - Bancos,1131654580000,7041385477000,16.07,282970,1866267,15.16,3999203,148944897000,4828975805000,3.08,1810,22646,1280599477000,10.79
70408,TARJETA NARANJA S.A.U.,Tarjetas de Crédito No Bancarias,Proveedores No Financieros de Credito,1254793711000,5128969816000,24.46,1036255,4231669,24.49,1210893,0,0,,0,0,1254793711000,24.46
00017,BANCO BBVA ARGENTINA S.A.,Bancos Privados,Entidades Financieras - Bancos,846099896000,6215820331000,13.61,448378,2062523,21.74,1887024,189342866000,9869562842000,1.92,9353,40255,1035442762000,6.44
00285,BANCO MACRO S.A.,Bancos Privados,Entidades Financieras - Bancos,558525572000,6510661927000,8.58,240105,1927672,12.46,2326172,225271181000,5842793227000,3.86,5232,44038,783796753000,6.34
72634,MERCADOLIBRE S.R.L.,Fintech y Billeteras,Proveedores No Financieros de Credito,508181614000,2862122526000,17.76,1111474,6507811,17.08,457214,18026494000,84527610000,21.33,1339,8053,526208108000,17.86
00015,INDUSTRIAL AND COMMERCIAL BANK OF CHINA (ARGENTINA) S.A.U.,Bancos Privados,Entidades Financieras - Bancos,297462206000,2437551002000,12.2,76484,612340,12.49,3889208,47817192000,4928222840000,0.97,1357,15787,345279398000,4.69
00020,BANCO DE LA PROVINCIA DE CORDOBA S.A.,Bancos Provinciales,Entidades Financieras - Bancos,280163970000,2616963107000,10.71,69326,537047,12.91,4041254,63899988000,841867573000,7.59,368,4111,344063958000,9.95
55012,CFN SRL,Empresas Crédito Rápido Alto Riesgo,Proveedores No Financieros de Credito,289063279000,517604686000,55.85,183073,356647,51.33,1578951,0,0,,0,0,289063279000,55.85
00027,BANCO SUPERVIELLE S.A.,Bancos Privados,Entidades Financieras - Bancos,157026160000,1557309539000,10.08,64870,475083,13.65,2420628,123697736000,2899842544000,4.27,2409,11523,280723896000,6.3
45030,NARANJA DIGITAL COMPAÑÍA FINANCIERA S.A.U.,Fintech y Billeteras,Entidades Financieras - Companias Financieras,230679675000,1160538962000,19.88,707921,1862613,38.01,325855,0,111067984000,0.0,0,5,230679675000,18.14
00332,BANCO DE SERVICIOS FINANCIEROS CARREFOUR SAU,Bancos Privados,Entidades Financieras - Bancos,212651058000,425837670000,49.94,224760,505553,44.46,946125,0,0,,0,0,212651058000,49.94
00029,BANCO DE LA CIUDAD DE BUENOS AIRES,Bancos Provinciales,Entidades Financieras - Bancos,138695911000,2072245348000,6.69,30148,379082,7.95,4600501,66307402000,1792114359000,3.7,391,3677,205003313000,5.3
55027,ELECTRONICA MEGATONE SRL,Vendedores de Electrodomésticos y Retail,Proveedores No Financieros de Credito,193550475000,343523668000,56.34,133652,343373,38.92,1448167,0,0,,0,0,193550475000,56.34
55024,CREDICUOTAS CONSUMO S.A.,Empresas Crédito Rápido Alto Riesgo,Proveedores No Financieros de Credito,192738743000,475481953000,40.54,142800,339241,42.09,1349711,0,0,,0,0,192738743000,40.54
10914,RECUPERO DE ACTIVOS FIDEICOMISO FINANCIERO,Compra de Carteras en Mora,Fideicomisos Financieros,166450845000,166450845000,100.0,297033,297033,100.0,560378,1685602000,1685602000,100.0,360,360,168136447000,100.0
10303,F.F PRIVADO YATASTO,Compra de Carteras en Mora,Fideicomisos Financieros,134031919000,134031919000,100.0,69755,69755,100.0,1921467,4324928000,4324928000,100.0,1653,1653,138356847000,100.0
70147,CENCOSUD S.A.,Vendedores de Electrodomésticos y Retail,Proveedores No Financieros de Credito,137742446000,476689437000,28.9,105419,523748,20.13,1306619,0,0,,0,0,137742446000,28.9
00034,BANCO PATAGONIA S.A.,Bancos Privados,Entidades Financieras - Bancos,123459878000,1193912278000,10.34,57285,521715,10.98,2155187,11300867000,3388701014000,0.33,1446,11130,134760745000,2.94
00044,BANCO HIPOTECARIO S.A.,Bancos Privados,Entidades Financieras - Bancos,106539027000,702119325000,15.17,35426,235389,15.05,3007368,24213203000,604127607000,4.01,446,1859,130752230000,10.01
00191,BANCO CREDICOOP COOPERATIVO LIMITADO,Bancos Privados,Entidades Financieras - Bancos,86224215000,938784823000,9.18,43797,318491,13.75,1968724,43580034000,1859761970000,2.34,3916,26388,129804249000,4.64
00330,NUEVO BANCO DE SANTA FE SOCIEDAD ANONIMA,Bancos Provinciales,Entidades Financieras - Bancos,92095561000,1178276067000,7.82,27506,425900,6.46,3348199,26590554000,1181004255000,2.25,298,4607,118686115000,5.03
55370,CREDIL S.R.L.,Empresas Crédito Rápido Alto Riesgo,Proveedores No Financieros de Credito,117845930000,178988868000,65.84,186594,289852,64.38,631563,0,0,,0,0,117845930000,65.84
10692,F.F. PRIVADO FRANKEL,Compra de Carteras en Mora,Fideicomisos Financieros,112395110000,112395110000,100.0,112276,112276,100.0,1001061,1263197000,1263197000,100.0,232,232,113658307000,100.0
55296,SANTANDER CONSUMER SA,Empresas Crédito Rápido Alto Riesgo,Proveedores No Financieros de Credito,110931961000,211914160000,52.35,130509,252058,51.78,849995,0,245941000,0.0,0,5,110931961000,52.29
00016,CITIBANK N.A.,Bancos Privados,Entidades Financieras - Bancos,0,0,,0,0,,,104722338000,1674393216000,6.25,11,439,104722338000,6.25
55449,FIDEICOMISO PRIVADO DE ADMINISTRACION CENFIDE,Compra de Carteras en Mora,Proveedores No Financieros de Credito,99368339000,99368339000,100.0,164467,164467,100.0,604184,255259000,255259000,100.0,362,362,99623598000,100.0
72306,VALLE FERTIL S.A.,Empresas Crédito Rápido Alto Riesgo,Proveedores No Financieros de Credito,89353746000,163624433000,54.61,74809,171964,43.5,1194425,0,0,,0,0,89353746000,54.61
00389,BANCO COLUMBIA S.A.,Bancos Privados,Entidades Financieras - Bancos,85045999000,279094498000,30.47,54867,215468,25.46,1550039,797664000,33573248000,2.38,68,285,85843663000,27.46
00097,BANCO PROVINCIA DEL NEUQUÉN SOCIEDAD ANÓNIMA,Bancos Provinciales,Entidades Financieras - Bancos,70186959000,588466451000,11.93,19924,131758,15.12,3522734,14852235000,242461758000,6.13,302,1686,85039194000,10.23
00300,BANCO DE INVERSION Y COMERCIO EXTERIOR S.A.,Bancos Privados,Entidades Financieras - Bancos,4669075000,16257681000,28.72,105,182,57.69,44467381,80105468000,738334383000,10.85,711,1738,84774543000,11.23
55041,Naldo Lombardi S.A.,Vendedores de Electrodomésticos y Retail,Proveedores No Financieros de Credito,82584888000,275853012000,29.94,93280,280644,33.24,885344,32921000,1028277000,3.2,30,515,82617809000,29.84
00311,NUEVO BANCO DEL CHACO S. A.,Bancos Provinciales,Entidades Financieras - Bancos,57024478000,549612874000,10.38,28776,220908,13.03,1981668,22421943000,166167911000,13.49,92,684,79446421000,11.1
00083,BANCO DEL CHUBUT S.A.,Bancos Provinciales,Entidades Financieras - Bancos,39929575000,435668239000,9.17,8105,93076,8.71,4926536,35688697000,164659738000,21.67,140,1191,75618272000,12.6
55514,CARTASUR CARDS S.A.U,Tarjetas de Crédito No Bancarias,Proveedores No Financieros de Credito,75105146000,136590988000,54.99,76076,123707,61.5,987238,0,0,,0,0,75105146000,54.99
00299,BANCO COMAFI SOCIEDAD ANONIMA,Bancos Privados,Entidades Financieras - Bancos,26270781000,227640959000,11.54,6837,81926,8.35,3842443,48517567000,1609406129000,3.01,742,5474,74788348000,4.07
00094,BANCO DE CORRIENTES S.A.,Bancos Provinciales,Entidades Financieras - Bancos,43664000000,329822248000,13.24,14254,131266,10.86,3063280,27267508000,185170427000,14.73,263,1863,70931508000,13.77
55294,CREDITECH SA,Empresas Crédito Rápido Alto Riesgo,Proveedores No Financieros de Credito,64059572000,146698165000,43.67,34200,86687,39.45,1873087,0,0,,0,0,64059572000,43.67
55011,Cetrogar S.A.,Vendedores de Electrodomésticos y Retail,Proveedores No Financieros de Credito,64030932000,121597241000,52.66,58562,152377,38.43,1093387,0,0,,0,0,64030932000,52.66
55054,Crédito Directo S.A.,Empresas Crédito Rápido Alto Riesgo,Proveedores No Financieros de Credito,62733786000,146667953000,42.77,55381,122915,45.06,1132767,0,0,,0,0,62733786000,42.77
55030,Fravega S.A.C.I. e I.,Vendedores de Electrodomésticos y Retail,Proveedores No Financieros de Credito,61478683000,106885646000,57.52,47573,107326,44.33,1292302,0,0,,0,0,61478683000,57.52
55100,BAZAR AVENIDA S.A.,Vendedores de Electrodomésticos y Retail,Proveedores No Financieros de Credito,59007942000,82878874000,71.2,43620,80172,54.41,1352773,0,0,,0,0,59007942000,71.2
00310,BANCO DEL SOL S.A.,Bancos Privados,Entidades Financieras - Bancos,44568360000,384147218000,11.6,24479,124816,19.61,1820677,12822750000,79767437000,16.08,88,443,57391110000,12.37
00321,BANCO DE SANTIAGO DEL ESTERO S.A.,Bancos Provinciales,Entidades Financieras - Bancos,49813959000,380844342000,13.08,35667,265693,13.42,1396640,5233304000,140667070000,3.72,60,160,55047263000,10.56
00093,BANCO DE LA PAMPA SA,Bancos Provinciales,Entidades Financieras - Bancos,38271613000,499261381000,7.67,14035,138641,10.12,2726869,16711602000,294622109000,5.67,220,2771,54983215000,6.93
00384,UALA BANK S.A.U.,Fintech y Billeteras,Entidades Financieras - Bancos,53414363000,237037637000,22.53,61463,276263,22.25,869049,0,54001947000,0.0,0,11,53414363000,18.35
55015,Coppel S.A.,Vendedores de Electrodomésticos y Retail,Proveedores No Financieros de Credito,53285244000,74718584000,71.31,30779,56835,54.16,1731221,0,0,,0,0,53285244000,71.31
70224,TARJETAS DEL MAR S.A.,Tarjetas de Crédito No Bancarias,Proveedores No Financieros de Credito,50633276000,168916268000,29.98,51085,199346,25.63,991157,0,0,,0,0,50633276000,29.98
55166,Waynicoin S.A.,Fintech y Billeteras,Proveedores No Financieros de Credito,50386438000,66643407000,75.61,43275,65995,65.57,1164331,0,0,,0,0,50386438000,75.61
44096,JOHN DEERE CREDIT COMPAÑÍA FINANCIERA S.A.,Financieras de Marca / Prendarias,Entidades Financieras - Companias Financieras,24332931000,349690255000,6.96,108,1344,8.04,225304917,24267220000,420325914000,5.77,59,1021,48600151000,6.31
00386,NUEVO BANCO DE ENTRE RÍOS S.A.,Bancos Privados,Entidades Financieras - Bancos,36970269000,536952091000,6.89,9155,200153,4.57,4038260,6373227000,425292905000,1.5,73,1305,43343496000,4.5
50014,GARANTIZAR SGR,SGR y Fondos de Garantía,SGR,10639498000,13295190000,80.03,1297,1921,67.52,8203160,29623159000,36755202000,80.6,1032,1433,40262657000,80.44
00309,BANCO RIOJA SOCIEDAD ANONIMA UNIPERSONAL,Bancos Provinciales,Entidades Financieras - Bancos,20748610000,116999287000,17.73,7973,56007,14.24,2602359,16002579000,39608094000,40.4,96,206,36751189000,23.47
10924,CREDITIA FIDEICOMISO FINANCIERO,Compra de Carteras en Mora,Fideicomisos Financieros,35142259000,35142259000,100.0,109929,109929,100.0,319681,667622000,667622000,100.0,217,217,35809881000,100.0
55340,FINANPRO S.R.L.,Empresas Crédito Rápido Alto Riesgo,Proveedores No Financieros de Credito,33894039000,52320105000,64.78,28994,44096,65.75,1169002,0,0,,0,0,33894039000,64.78
00086,BANCO DE SANTA CRUZ S.A.,Bancos Provinciales,Entidades Financieras - Bancos,32687199000,312504125000,10.46,4380,53295,8.22,7462831,917999000,77015426000,1.19,76,441,33605198000,8.63
51001,FONDO DE GARANTÍAS BUENOS AIRES SAPEM (FOGABA SAPEM),SGR y Fondos de Garantía,Fondos de Garantia Publicos,18608553000,29585768000,62.9,2247,3224,69.7,8281510,13637485000,18345856000,74.34,516,655,32246038000,67.28
55282,MINS LFE SAS,Empresas Crédito Rápido Alto Riesgo,Proveedores No Financieros de Credito,31745279000,34902496000,90.95,45033,52060,86.5,704934,0,0,,0,0,31745279000,90.95
00045,BANCO DE SAN JUAN S.A.,Bancos Provinciales,Entidades Financieras - Bancos,23231309000,216332126000,10.74,6166,74835,8.24,3767647,8296409000,342909654000,2.42,117,1090,31527718000,5.64
55454,BIA SRL,Compra de Carteras en Mora,Proveedores No Financieros de Credito,30060314000,30060314000,100.0,56741,56741,100.0,529781,0,0,,0,0,30060314000,100.0
55091,CREDIAR S.A.,Empresas Crédito Rápido Alto Riesgo,Proveedores No Financieros de Credito,29588651000,40131997000,73.73,17173,27282,62.95,1722975,0,0,,0,0,29588651000,73.73
00322,BANCO INDUSTRIAL S.A.,Bancos Privados,Entidades Financieras - Bancos,13186744000,177249133000,7.44,33022,512448,6.44,399332,15346545000,917212593000,1.67,83,1126,28533289000,2.61
45056,MONTEMAR COMPAÑIA FINANCIERA S.A.,Tarjetas de Crédito No Bancarias,Entidades Financieras - Companias Financieras,27979086000,104037360000,26.89,10492,24839,42.24,2666707,0,4172582000,0.0,0,45,27979086000,25.86
55085,Moni Online S.A.,Fintech y Billeteras,Proveedores No Financieros de Credito,27186799000,49926278000,54.45,57579,101939,56.48,472165,0,0,,0,0,27186799000,54.45
55341,PROAVALAR S.R.L,Empresas Crédito Rápido Alto Riesgo,Proveedores No Financieros de Credito,26091796000,33843801000,77.09,33146,40516,81.81,787178,0,0,,0,0,26091796000,77.09
70101,AMERICAN EXPRESS ARGENTINA S.A.,Empresas Crédito Rápido Alto Riesgo,Proveedores No Financieros de Credito,12498284000,266708367000,4.69,5448,121341,4.49,2294105,8593130000,186631396000,4.6,752,14374,21091414000,4.65
55339,MAEBA S.R.L.,Empresas Crédito Rápido Alto Riesgo,Proveedores No Financieros de Credito,20902382000,31954975000,65.41,19980,29666,67.35,1046165,0,0,,0,0,20902382000,65.41
00268,BANCO PROVINCIA DE TIERRA DEL FUEGO,Bancos Provinciales,Entidades Financieras - Bancos,18602266000,192279791000,9.67,3756,33609,11.18,4952680,1635159000,12713452000,12.86,38,366,20237425000,9.87
55107,ARGENCRED S.A.,Empresas Crédito Rápido Alto Riesgo,Proveedores No Financieros de Credito,20189005000,35580958000,56.74,52211,95823,54.49,386681,0,0,,0,0,20189005000,56.74
10923,F.F. PRIVADO GREEN LIGHT,Compra de Carteras en Mora,Fideicomisos Financieros,19926280000,19926280000,100.0,69151,69151,100.0,288156,0,0,,0,0,19926280000,100.0
55109,"Credikot COOPERATIVA DE VIVIENDA, CRÉDITO Y CONSUMO  LTDA",Empresas Crédito Rápido Alto Riesgo,Proveedores No Financieros de Credito,19892261000,26551813000,74.92,50148,67547,74.24,396671,0,0,,0,0,19892261000,74.92
50001,ACINDAR PYMES SGR,SGR y Fondos de Garantía,SGR,1888097000,2014589000,93.72,343,387,88.63,5504656,17837330000,22524113000,79.19,347,560,19725427000,80.38
55225,EXI S.A.,Compra de Carteras en Mora,Proveedores No Financieros de Credito,19415225000,19415225000,100.0,45337,45337,100.0,428242,0,0,,0,0,19415225000,100.0
55105,Ceibo Créditos S.A.,Empresas Crédito Rápido Alto Riesgo,Proveedores No Financieros de Credito,19380888000,45083784000,42.99,9010,22751,39.6,2151042,0,0,,0,0,19380888000,42.99
00143,BRUBANK S.A.U.,Bancos Privados,Entidades Financieras - Bancos,19154021000,83264971000,23.0,17265,77275,22.34,1109413,204789000,20448484000,1.0,48,601,19358810000,18.67
00315,BANCO DE FORMOSA S.A.,Bancos Provinciales,Entidades Financieras - Bancos,14817522000,223169152000,6.64,7683,105897,7.26,1928611,3750996000,30738523000,12.2,101,581,18568518000,7.31
55298,ESPACIO DIGITAL S.A,Empresas Crédito Rápido Alto Riesgo,Proveedores No Financieros de Credito,18341058000,27680860000,66.26,38270,50662,75.54,479254,0,0,,0,0,18341058000,66.26
70248,FAVACARD S.A,Tarjetas de Crédito No Bancarias,Proveedores No Financieros de Credito,18326274000,65728466000,27.88,30692,94270,32.56,597103,0,0,,0,0,18326274000,27.88
10903,FF PRIVADO GESTIÓN DE ACTIVOS IV,Compra de Carteras en Mora,Fideicomisos Financieros,17446490000,17448784000,99.99,25912,25923,99.96,673298,22648000,22648000,100.0,95,95,17469138000,99.99
00277,BANCO SAENZ S.A.,Bancos Privados,Entidades Financieras - Bancos,17226907000,35893951000,47.99,18192,44037,41.31,946950,0,5100712000,0.0,9,64,17226907000,42.02
00065,BANCO MUNICIPAL DE ROSARIO,Bancos Provinciales,Entidades Financieras - Bancos,14055557000,224415394000,6.26,7900,85606,9.23,1779184,1874010000,75908623000,2.47,45,806,15929567000,5.3
55409,Finet SA,Empresas Crédito Rápido Alto Riesgo,Proveedores No Financieros de Credito,15855907000,16142876000,98.22,14465,14862,97.33,1096157,0,0,,0,0,15855907000,98.22
55495,SOCIEDAD DE CREDITO SA,Empresas Crédito Rápido Alto Riesgo,Proveedores No Financieros de Credito,15813881000,15813881000,100.0,26011,26011,100.0,607969,0,0,,0,0,15813881000,100.0
55028,Favanet S.A.,Empresas Crédito Rápido Alto Riesgo,Proveedores No Financieros de Credito,15509239000,35526865000,43.65,16152,35557,45.43,960205,0,0,,0,0,15509239000,43.65
55009,Carsa S.A.,Vendedores de Electrodomésticos y Retail,Proveedores No Financieros de Credito,14982507000,26967927000,55.56,29761,61450,48.43,503428,0,0,,0,0,14982507000,55.56
44092,FCA COMPAÑIA FINANCIERA S.A.,Financieras de Marca / Prendarias,Entidades Financieras - Companias Financieras,14501884000,398350121000,3.64,1631,33200,4.91,8891406,296187000,157205604000,0.19,17,695,14798071000,2.66
55388,CREDLAP S.A.,Empresas Crédito Rápido Alto Riesgo,Proveedores No Financieros de Credito,14790178000,15310633000,96.6,8941,9575,93.38,1654197,0,0,,0,0,14790178000,96.6
55405,Oneri Bilancio S.A.,Empresas Crédito Rápido Alto Riesgo,Proveedores No Financieros de Credito,14319195000,14830968000,96.55,17223,20294,84.87,831400,0,0,,0,0,14319195000,96.55
50039,FINTECH SGR,SGR y Fondos de Garantía,SGR,2653609000,2737637000,96.93,133,144,92.36,19951947,11604166000,12473688000,93.03,182,219,14257775000,93.73
00431,BANCO COINAG S.A.,Bancos Privados,Entidades Financieras - Bancos,2560110000,49544595000,5.17,1524,12518,12.17,1679862,11582154000,117284869000,9.88,125,863,14142264000,8.48
55142,Emprendimiento La Luisina SRL,Empresas Crédito Rápido Alto Riesgo,Proveedores No Financieros de Credito,13383396000,27717752000,48.28,28660,49285,58.15,466971,0,0,,0,0,13383396000,48.28
00301,BANCO PIANO S.A.,Bancos Privados,Entidades Financieras - Bancos,12998743000,125576653000,10.35,13563,89495,15.16,958397,0,71295863000,0.0,0,26,12998743000,6.6
00319,BANCO CMF S.A.,Bancos Privados,Entidades Financieras - Bancos,0,161949000,0.0,2,7,28.57,0,12965541000,442855611000,2.93,25,592,12965541000,2.93
45072,REBA COMPAÑIA FINANCIERA S.A.,Fintech y Billeteras,Entidades Financieras - Companias Financieras,11156231000,34122367000,32.69,18384,39734,46.27,606845,1770474000,22535457000,7.86,28,283,12926705000,22.82
00426,BANCO BICA S.A.,Bancos Privados,Entidades Financieras - Bancos,8572144000,98924724000,8.67,8245,78356,10.52,1039678,4311632000,91259162000,4.72,129,833,12883776000,6.77
51003,FONDO DE GARANTÍAS ARGENTINO,SGR y Fondos de Garantía,Fondos de Garantia Publicos,12180301000,12226449000,99.62,51919,52100,99.65,234602,600611000,681078000,88.19,286,290,12780912000,99.02
55025,Cuotitas S.A.,Empresas Crédito Rápido Alto Riesgo,Proveedores No Financieros de Credito,12754564000,19762754000,64.54,10817,17783,60.83,1179122,0,0,,0,0,12754564000,64.54
44093,GPAT COMPAÑIA FINANCIERA S.A.U.,Financieras de Marca / Prendarias,Entidades Financieras - Companias Financieras,12372162000,369313404000,3.35,4068,43903,9.27,3041338,6667000,21340365000,0.03,1,273,12378829000,3.17
50004,ARGENPYMES SGR,SGR y Fondos de Garantía,SGR,1837138000,2119377000,86.68,214,269,79.55,8584757,10500864000,11776198000,89.17,398,517,12338002000,88.79
44098,PSA FINANCE ARGENTINA COMPAÑÍA FINANCIERA S.A.,Financieras de Marca / Prendarias,Entidades Financieras - Companias Financieras,11963344000,353768526000,3.38,1578,38240,4.13,7581333,247224000,92849502000,0.27,6,330,12210568000,2.73
44094,MERCEDES-BENZ COMPAÑÍA FINANCIERA ARGENTINA S.A.,Financieras de Marca / Prendarias,Entidades Financieras - Companias Financieras,6480830000,52282111000,12.4,51,581,8.78,127075098,5684935000,143119559000,3.97,46,820,12165765000,6.23
70212,CREDI-PAZ S.A.,Empresas Crédito Rápido Alto Riesgo,Proveedores No Financieros de Credito,11707141000,19218399000,60.92,11238,22174,50.68,1041746,0,0,,0,0,11707141000,60.92
70228,SANTA MONICA S.A.,Empresas Crédito Rápido Alto Riesgo,Proveedores No Financieros de Credito,11566756000,30432974000,38.01,16151,51666,31.26,716163,0,0,,0,0,11566756000,38.01
44095,ROMBO COMPAÑÍA FINANCIERA S.A.,Financieras de Marca / Prendarias,Entidades Financieras - Companias Financieras,10812354000,363395284000,2.98,1231,47455,2.59,8783391,605094000,33120900000,1.83,24,1668,11417448000,2.88
55507,FINANZAS DIGITALES SAS,Empresas Crédito Rápido Alto Riesgo,Proveedores No Financieros de Credito,11291922000,25572664000,44.16,137420,348457,39.44,82171,0,0,,0,0,11291922000,44.16
55312,ABAN DIGITAL S.A.,Fintech y Billeteras,Proveedores No Financieros de Credito,11015966000,12503830000,88.1,19301,28560,67.58,570746,0,0,,0,0,11015966000,88.1
55008,Asociación Mutual Unión Solidaria,Empresas Crédito Rápido Alto Riesgo,Proveedores No Financieros de Credito,10481940000,33157229000,31.61,6971,31963,21.81,1503649,0,0,,0,0,10481940000,31.61
55317,BARSATEX S.A.,Empresas Crédito Rápido Alto Riesgo,Proveedores No Financieros de Credito,10477779000,11918603000,87.91,44920,52028,86.34,233254,0,0,,0,0,10477779000,87.91
55400,MICRO SISTEMAS S. A.,Empresas Crédito Rápido Alto Riesgo,Proveedores No Financieros de Credito,10165116000,30408715000,33.43,47420,133058,35.64,214363,0,0,,0,0,10165116000,33.43
55466,AXXIA LENDING S.A.,Compra de Carteras en Mora,Proveedores No Financieros de Credito,10037813000,10037813000,100.0,10963,10963,100.0,915608,7576000,7576000,100.0,33,33,10045389000,100.0
55213,Multiplycard S.A.,Tarjetas de Crédito No Bancarias,Proveedores No Financieros de Credito,9905079000,19138581000,51.75,18307,36015,50.83,541054,0,0,,0,0,9905079000,51.75
71402,CENTRO CARD S.A.,Tarjetas de Crédito No Bancarias,Proveedores No Financieros de Credito,9062237000,26795080000,33.82,13831,39556,34.97,655212,0,0,,0,0,9062237000,33.82
55244,MUTUAL DEL AGRO LA INDUSTRIA Y EL COMERCIO DE SANTA FE,Empresas Crédito Rápido Alto Riesgo,Proveedores No Financieros de Credito,6654555000,28060036000,23.72,4958,14369,34.5,1342185,1859765000,29606604000,6.28,16,196,8514320000,14.76
00338,BANCO DE SERVICIOS Y TRANSACCIONES SAU,Bancos Privados,Entidades Financieras - Bancos,520235000,12909771000,4.03,808,15447,5.23,643855,7356679000,407665014000,1.8,33,400,7876914000,1.87
44099,TOYOTA COMPAÑÍA FINANCIERA DE ARGENTINA S.A.,Financieras de Marca / Prendarias,Entidades Financieras - Companias Financieras,4500447000,156283744000,2.88,326,12680,2.57,13805052,3315208000,87851125000,3.77,35,1099,7815655000,3.2
72303,CREDIMAS S.A.,Empresas Crédito Rápido Alto Riesgo,Proveedores No Financieros de Credito,7695426000,12063957000,63.79,10149,16712,60.73,758245,0,0,,0,0,7695426000,63.79
10922,Maipú Fideicomiso Financiero,Compra de Carteras en Mora,Fideicomisos Financieros,7614300000,7614300000,100.0,11275,11275,100.0,675326,0,0,,0,0,7614300000,100.0
55052,Asociación Mututal 18 de Julio,Empresas Crédito Rápido Alto Riesgo,Proveedores No Financieros de Credito,6437803000,59647045000,10.79,1502,11609,12.94,4286154,848412000,3680819000,23.05,10,26,7286215000,11.51
55023,Credifácil S.A.F. y M.,Empresas Crédito Rápido Alto Riesgo,Proveedores No Financieros de Credito,7004307000,7520349000,93.14,29263,31455,93.03,239357,0,0,,0,0,7004307000,93.14
71801,DATA 2000 S.A.,Empresas Crédito Rápido Alto Riesgo,Proveedores No Financieros de Credito,6764319000,23962540000,28.23,16146,39557,40.82,418947,0,0,,0,0,6764319000,28.23
55172,FINARES S.A.,Empresas Crédito Rápido Alto Riesgo,Proveedores No Financieros de Credito,262705000,871477000,30.14,7,9,77.78,37529286,6302448000,8437468000,74.7,48,73,6565153000,70.53
55242,MG-Group S.A.,Empresas Crédito Rápido Alto Riesgo,Proveedores No Financieros de Credito,6420849000,21653347000,29.65,2889,8691,33.24,2222516,7608000,7608000,100.0,1,1,6428457000,29.68
00312,BANCO VOII S.A.,Bancos Privados,Entidades Financieras - Bancos,6172213000,78172314000,7.9,4442,41395,10.73,1389512,2856000,234131000,1.22,2,8,6175069000,7.88
55013,Cierto Argentina S.A.,Empresas Crédito Rápido Alto Riesgo,Proveedores No Financieros de Credito,5822221000,17547157000,33.18,7847,17016,46.12,741968,0,0,,0,0,5822221000,33.18
55098,CONSUMO S.A.,Empresas Crédito Rápido Alto Riesgo,Proveedores No Financieros de Credito,5774810000,7122936000,81.07,3525,5145,68.51,1638244,0,0,,0,0,5774810000,81.07
55574,"Cooperativa de Vivienda, Crédito y Consumo Finadi Limitada",Empresas Crédito Rápido Alto Riesgo,Proveedores No Financieros de Credito,5712096000,11816862000,48.34,20462,36246,56.45,279156,0,0,,0,0,5712096000,48.34
72308,CASTILLO S.A.C.I.F.I.A.,Vendedores de Electrodomésticos y Retail,Proveedores No Financieros de Credito,5359463000,18239299000,29.38,11381,36800,30.93,470913,0,0,,0,0,5359463000,29.38
50013,Garantias BIND SGR,SGR y Fondos de Garantía,SGR,1050639000,1187230000,88.49,109,134,81.34,9638890,4280263000,4634533000,92.36,197,272,5330902000,91.57
55301,CRESCENS S.A,Empresas Crédito Rápido Alto Riesgo,Proveedores No Financieros de Credito,47685000,5458684000,0.87,9,812,1.11,5298333,5276427000,8086563000,65.25,10,60,5324112000,39.31
70210,ITALCRED S.A.,Tarjetas de Crédito No Bancarias,Proveedores No Financieros de Credito,5294565000,5342910000,99.1,2985,3112,95.92,1773724,0,0,,0,0,5294565000,99.1
70903,Única compañía de Crédito S.A.,Empresas Crédito Rápido Alto Riesgo,Proveedores No Financieros de Credito,5265705000,8647922000,60.89,6584,15942,41.3,799773,0,0,,0,0,5265705000,60.89
44077,COMPAÑIA FINANCIERA ARGENTINA S.A.,Empresas Crédito Rápido Alto Riesgo,Entidades Financieras - Companias Financieras,5245952000,6538564000,80.23,55546,57241,97.04,94443,0,0,,0,0,5245952000,80.23
55017,"Cooperativa de Crédito, Consumo y Servicios Sociales La Plata Ltda.",Empresas Crédito Rápido Alto Riesgo,Proveedores No Financieros de Credito,5092018000,31648571000,16.09,6957,41086,16.93,731927,0,0,,0,0,5092018000,16.09
55068,Hendel Hogar S.A.,Vendedores de Electrodomésticos y Retail,Proveedores No Financieros de Credito,4986480000,12134065000,41.09,10815,22640,47.77,461071,0,95610000,0.0,0,24,4986480000,40.77
70239,FERTIL FINANZAS S.A.,Empresas Crédito Rápido Alto Riesgo,Proveedores No Financieros de Credito,4917685000,13058880000,37.66,11058,35834,30.86,444717,0,0,,0,0,4917685000,37.66
00254,BANCO MARIVA S.A.,Bancos Privados,Entidades Financieras - Bancos,91901000,15315647000,0.6,4,33,12.12,22975250,4614301000,302628115000,1.52,13,258,4706202000,1.48
00305,BANCO JULIO SOCIEDAD ANONIMA,Bancos Privados,Entidades Financieras - Bancos,15751000,1690955000,0.93,3,65,4.62,5250333,4669092000,29934792000,15.6,25,266,4684843000,14.81
70234,NUEVA CARD S.A.,Tarjetas de Crédito No Bancarias,Proveedores No Financieros de Credito,4667717000,64984288000,7.18,6739,94063,7.16,692642,9090000,96026000,9.47,3,43,4676807000,7.19
44088,VOLKSWAGEN FINANCIAL SERVICES COMPAÑIA FINANCIERA S.A.,Financieras de Marca / Prendarias,Entidades Financieras - Companias Financieras,4523317000,352538464000,1.28,599,31554,1.9,7551447,72643000,241240420000,0.03,3,380,4595960000,0.77
70603,COOP SERV ADM VTAS CRED Y CRED GUIA LTDA,Empresas Crédito Rápido Alto Riesgo,Proveedores No Financieros de Credito,4529157000,18251404000,24.82,3893,20802,18.71,1163410,0,0,,0,0,4529157000,24.82
55144,ASOCIACION MUTUAL 23 DE SEPTIEMBRE,Empresas Crédito Rápido Alto Riesgo,Proveedores No Financieros de Credito,575619000,752906000,76.45,21,40,52.5,27410429,3924156000,5318342000,73.79,31,57,4499775000,74.12
70141,YPF S.A.,Empresas Crédito Rápido Alto Riesgo,Proveedores No Financieros de Credito,228657000,17133927000,1.33,67,1911,3.51,3412791,4205256000,224832202000,1.87,197,9046,4433913000,1.83
55136,Vento Capital S.A.,Empresas Crédito Rápido Alto Riesgo,Proveedores No Financieros de Credito,4372006000,8139457000,53.71,5010,8340,60.07,872656,21070000,1372670000,1.53,2,10,4393076000,46.18
00340,BACS BANCO DE CREDITO Y SECURITIZACION S.A.,Bancos Privados,Entidades Financieras - Bancos,2257093000,38162197000,5.91,2370,31720,7.47,952360,2104199000,119826480000,1.76,3,69,4361292000,2.76
55381,CREDIGOL S.A.,Empresas Crédito Rápido Alto Riesgo,Proveedores No Financieros de Credito,4353615000,8190372000,53.16,3584,6396,56.04,1214736,0,0,,0,0,4353615000,53.16
55158,San Cristóbal Bienes Raíces S.A.,Empresas Crédito Rápido Alto Riesgo,Proveedores No Financieros de Credito,1352533000,8663101000,15.61,34,251,13.55,39780382,2921211000,6014899000,48.57,25,69,4273744000,29.12
55319,AGCO CAPITAL ARGENTINA S.A.,Financieras de Marca / Prendarias,Proveedores No Financieros de Credito,2190515000,58968402000,3.71,16,384,4.17,136907188,1993868000,57146402000,3.49,12,300,4184383000,3.6
72307,CAJA POPULAR DE AHORROS PCIA DE TUCUMAN,Empresas Crédito Rápido Alto Riesgo,Proveedores No Financieros de Credito,4058666000,7092622000,57.22,2609,7532,34.64,1555640,0,0,,0,0,4058666000,57.22
00198,BANCO DE VALORES S.A.,Bancos Privados,Entidades Financieras - Bancos,131577000,714877000,18.41,174,728,23.9,756190,3893166000,1263133363000,0.31,10,237,4024743000,0.32
55543,VISIR SA,Empresas Crédito Rápido Alto Riesgo,Proveedores No Financieros de Credito,4007600000,16811425000,23.84,2116,8530,24.81,1893951,0,0,,0,0,4007600000,23.84
55408,SCANIA CREDIT ARGENTINA S.A.U.,Financieras de Marca / Prendarias,Proveedores No Financieros de Credito,2283334000,45905133000,4.97,8,330,2.42,285416750,1715296000,205619884000,0.83,11,610,3998630000,1.59
55357,CREDIBEL S.A.,Empresas Crédito Rápido Alto Riesgo,Proveedores No Financieros de Credito,0,2845214000,0.0,0,1,0.0,,3840707000,5144639000,74.65,4,10,3840707000,48.07
55412,Delivery Hero Financial Services SA,Empresas Crédito Rápido Alto Riesgo,Proveedores No Financieros de Credito,2999558000,23402765000,12.82,3630,16569,21.91,826325,836337000,9449697000,8.85,152,773,3835895000,11.68
72304,TARJETA TITANIO S.A.,Tarjetas de Crédito No Bancarias,Proveedores No Financieros de Credito,3827276000,9134832000,41.9,6276,19317,32.49,609827,0,0,,0,0,3827276000,41.9
55002,AMEPORT Mutual del Personal del Estado Nacional Provincial Municipal y,Empresas Crédito Rápido Alto Riesgo,Proveedores No Financieros de Credito,3796939000,17371829000,21.86,3778,13910,27.16,1005013,0,0,,0,0,3796939000,21.86
70805,DILFER S.A.,Vendedores de Electrodomésticos y Retail,Proveedores No Financieros de Credito,3743272000,13229902000,28.29,9285,29223,31.77,403153,0,0,,0,0,3743272000,28.29
00432,BANCO DE COMERCIO S.A.,Bancos Privados,Entidades Financieras - Bancos,773288000,9110515000,8.49,1070,11637,9.19,722699,2942056000,72390821000,4.06,82,443,3715344000,4.56
55152,Asociación Mutual de protección Familiar,Empresas Crédito Rápido Alto Riesgo,Proveedores No Financieros de Credito,3592158000,8286955000,43.35,6449,17344,37.18,557010,0,0,,0,0,3592158000,43.35
00147,BIBANK S.A.,Bancos Privados,Entidades Financieras - Bancos,5959000,101424000,5.88,1,5,20.0,5959000,3564517000,50986643000,6.99,14,140,3570476000,6.99
55505,Cash Market SA,Empresas Crédito Rápido Alto Riesgo,Proveedores No Financieros de Credito,3525027000,4849276000,72.69,16150,20554,78.57,218268,0,0,,0,0,3525027000,72.69
55005,Asociación Mutual de las Fuerzas Armadas y Seguridad (AMFAYS),Empresas Crédito Rápido Alto Riesgo,Proveedores No Financieros de Credito,3471696000,14974220000,23.18,3586,11140,32.19,968125,0,0,,0,0,3471696000,23.18
50041,ALIANZA S.G.R.,SGR y Fondos de Garantía,SGR,463603000,474125000,97.78,27,29,93.1,17170481,2950568000,3242250000,91.0,78,93,3414171000,91.87
55344,JALIN S.A.,Empresas Crédito Rápido Alto Riesgo,Proveedores No Financieros de Credito,0,12253000,0.0,0,2,0.0,,3329183000,8924137000,37.31,18,64,3329183000,37.25
72131,Asociación Mutual del Personal Jerárquico de Bancos Oficiales Nacional,Empresas Crédito Rápido Alto Riesgo,Proveedores No Financieros de Credito,3184004000,10885350000,29.25,4241,22790,18.61,750767,0,0,,0,0,3184004000,29.25
71202,EMPRESUR S.A.,Empresas Crédito Rápido Alto Riesgo,Proveedores No Financieros de Credito,3120240000,7309729000,42.69,2497,6352,39.31,1249596,0,0,,0,0,3120240000,42.69
55149,INDO S.A.,Empresas Crédito Rápido Alto Riesgo,Proveedores No Financieros de Credito,3092737000,12973500000,23.84,13071,53188,24.58,236611,0,0,,0,0,3092737000,23.84
55176,Trend Capital S.A.,Empresas Crédito Rápido Alto Riesgo,Proveedores No Financieros de Credito,75358000,481575000,15.65,2,16,12.5,37679000,2847813000,26988597000,10.55,28,145,2923171000,10.64
72104,MUTUAL SOCIOS ASOC MEDIC ROSARIO,Empresas Crédito Rápido Alto Riesgo,Proveedores No Financieros de Credito,2757604000,92348213000,2.99,387,16139,2.4,7125592,136263000,14403140000,0.95,4,141,2893867000,2.71
55043,Provincia Leasing S.A.,Empresas Crédito Rápido Alto Riesgo,Proveedores No Financieros de Credito,213000,1770153000,0.01,1,21,4.76,213000,2820231000,106359224000,2.65,11,268,2820444000,2.61
70142,ALARFIN S.A.,Empresas Crédito Rápido Alto Riesgo,Proveedores No Financieros de Credito,2740254000,27954015000,9.8,530,5344,9.92,5170291,13814000,14621000,94.48,2,3,2754068000,9.85
55424,SOLUCIONES FINANCORP SA,Empresas Crédito Rápido Alto Riesgo,Proveedores No Financieros de Credito,2699257000,3444617000,78.36,16930,19832,85.37,159436,0,0,,0,0,2699257000,78.36
70803,SISTEMA DE CREDITO DE ENTRE RIOS S.A.,Empresas Crédito Rápido Alto Riesgo,Proveedores No Financieros de Credito,2689661000,21656088000,12.42,2588,20608,12.56,1039282,0,0,,0,0,2689661000,12.42
55096,FINANCIACIONES CUYO S.A.,Empresas Crédito Rápido Alto Riesgo,Proveedores No Financieros de Credito,2684480000,5523843000,48.6,13309,22432,59.33,201704,0,0,,0,0,2684480000,48.6
55060,"Gran Cooperativa de Crédito, Vivienda, Consumo y Servicios Sociales Li",Empresas Crédito Rápido Alto Riesgo,Proveedores No Financieros de Credito,2677947000,11071463000,24.19,3663,12685,28.88,731080,0,0,,0,0,2677947000,24.19
55329,ALAU TECNOLOGIA S. A. U.,Empresas Crédito Rápido Alto Riesgo,Proveedores No Financieros de Credito,2634910000,3227965000,81.63,10663,13879,76.83,247108,0,0,,0,0,2634910000,81.63
55425,MOOVITECH S.A.,Empresas Crédito Rápido Alto Riesgo,Proveedores No Financieros de Credito,2465575000,4462191000,55.25,5750,9199,62.51,428796,0,0,,0,0,2465575000,55.25
55393,SEILOP S.R.L.,Empresas Crédito Rápido Alto Riesgo,Proveedores No Financieros de Credito,34965000,34965000,100.0,1,1,100.0,34965000,2419937000,13868237000,17.45,13,44,2454902000,17.66
65203,CRÉDITO REGIONAL COMPAÑÍA FINANCIERA S.A.U.,Empresas Crédito Rápido Alto Riesgo,Entidades Financieras - Companias Financieras,2296883000,5814671000,39.5,10321,13553,76.15,222545,140000000,140125000,99.91,10,11,2436883000,40.92
50040,MILLS SGR,SGR y Fondos de Garantía,SGR,0,0,,0,0,,,2353193000,2419671000,97.25,37,52,2353193000,97.25
55083,AGL CAPITAL S.A.,Empresas Crédito Rápido Alto Riesgo,Proveedores No Financieros de Credito,2312278000,6552543000,35.29,1214,4652,26.1,1904677,0,0,,0,0,2312278000,35.29
55403,FACILCRED S.A.,Empresas Crédito Rápido Alto Riesgo,Proveedores No Financieros de Credito,2226178000,6154163000,36.17,8768,17155,51.11,253898,0,0,,0,0,2226178000,36.17
50036,Móvil S.G.R.,SGR y Fondos de Garantía,SGR,193095000,212154000,91.02,21,32,65.62,9195000,2019142000,2288145000,88.24,70,102,2212237000,88.48
55289,UNION PROVINCIAL ASOCIACION MUTUAL,Empresas Crédito Rápido Alto Riesgo,Proveedores No Financieros de Credito,2174018000,2196567000,98.97,12451,12614,98.71,174606,0,0,,0,0,2174018000,98.97
55034,Hogar Total S.A.,Vendedores de Electrodomésticos y Retail,Proveedores No Financieros de Credito,2168934000,12382947000,17.52,3626,18150,19.98,598162,0,0,,0,0,2168934000,17.52
00341,BANCO MASVENTAS S.A.,Bancos Privados,Entidades Financieras - Bancos,1971424000,15820846000,12.46,3461,15308,22.61,569611,192613000,5544698000,3.47,26,143,2164037000,10.13
55330,CREDILOW S.A.,Empresas Crédito Rápido Alto Riesgo,Proveedores No Financieros de Credito,2086586000,4265217000,48.92,3279,7136,45.95,636348,0,0,,0,0,2086586000,48.92
55396,MERIDIANO NORTE S.A.,Empresas Crédito Rápido Alto Riesgo,Proveedores No Financieros de Credito,197185000,1011293000,19.5,31,111,27.93,6360806,1770584000,15748359000,11.24,38,159,1967769000,11.74
55465,Dar Prestamos S.A.,Empresas Crédito Rápido Alto Riesgo,Proveedores No Financieros de Credito,1967748000,2066833000,95.21,1327,1493,88.88,1482855,0,0,,0,0,1967748000,95.21
70301,Tarjeta Pampeana S.A,Tarjetas de Crédito No Bancarias,Proveedores No Financieros de Credito,1966524000,5617646000,35.01,1630,8438,19.32,1206456,0,0,,0,0,1966524000,35.01
55382,UFINAN SA,Empresas Crédito Rápido Alto Riesgo,Proveedores No Financieros de Credito,2601000,24137000,10.78,1,11,9.09,2601000,1960777000,2851390000,68.77,10,29,1963378000,68.28
55490,ASOCIACION MUTUAL DE ASOCIADOS DEL CLUB ATLETICO UNION,Empresas Crédito Rápido Alto Riesgo,Proveedores No Financieros de Credito,1118913000,13542561000,8.26,167,1573,10.62,6700078,779490000,7011249000,11.12,17,97,1898403000,9.24
72102,ASOCIACION MUTUAL DEL CLUB A. ARGENTINO,Empresas Crédito Rápido Alto Riesgo,Proveedores No Financieros de Credito,1690974000,18204682000,9.29,210,8305,2.53,8052257,96521000,1517516000,6.36,4,41,1787495000,9.06
55281,ASOCIACION MUTUAL CELESOL DE SERVICIOS INTEGRALES Y EDUCATIVOS,Empresas Crédito Rápido Alto Riesgo,Proveedores No Financieros de Credito,1756609000,14862410000,11.82,2267,6835,33.17,774861,16558000,1366137000,1.21,1,7,1773167000,10.93
55063,Uninverc S.A.,Empresas Crédito Rápido Alto Riesgo,Proveedores No Financieros de Credito,1627517000,57866242000,2.81,256,6355,4.03,6357488,114351000,805680000,14.19,4,33,1741868000,2.97
55095,CRENAC S.A.,Empresas Crédito Rápido Alto Riesgo,Proveedores No Financieros de Credito,1734822000,2565931000,67.61,3469,5521,62.83,500093,0,0,,0,0,1734822000,67.61
00448,BANCO DINO S.A.,Bancos Privados,Entidades Financieras - Bancos,796653000,10939659000,7.28,1043,5318,19.61,763809,935441000,19541090000,4.79,8,83,1732094000,5.68
55334,VALUARTE SRL,Empresas Crédito Rápido Alto Riesgo,Proveedores No Financieros de Credito,1699020000,4229733000,40.17,1538,4084,37.66,1104694,0,0,,0,0,1699020000,40.17
55148,Collins S.A.,Empresas Crédito Rápido Alto Riesgo,Proveedores No Financieros de Credito,1691391000,17869961000,9.46,1486,12825,11.59,1138217,0,0,,0,0,1691391000,9.46
55132,TIENDAJUBILO S.A.,Vendedores de Electrodomésticos y Retail,Proveedores No Financieros de Credito,1625898000,10764738000,15.1,2225,18502,12.03,730741,0,0,,0,0,1625898000,15.1
55251,BR CAPITAL S.A.,Empresas Crédito Rápido Alto Riesgo,Proveedores No Financieros de Credito,301725000,1507044000,20.02,3,6,50.0,100575000,1258302000,7497105000,16.78,7,25,1560027000,17.33
55547,sistemas unificados de credito dirigido SA,Empresas Crédito Rápido Alto Riesgo,Proveedores No Financieros de Credito,1537075000,3557543000,43.21,3757,8906,42.19,409123,0,0,,0,0,1537075000,43.21
51004,Fondo de Garantía Público La Rioja Sociedad Anónima Unipersonal,SGR y Fondos de Garantía,Fondos de Garantia Publicos,1403960000,1518726000,92.44,153,226,67.7,9176209,71035000,84003000,84.56,5,8,1474995000,92.03
70229,CONTAR S.A.,Empresas Crédito Rápido Alto Riesgo,Proveedores No Financieros de Credito,1465170000,2280127000,64.26,2300,4842,47.5,637030,0,0,,0,0,1465170000,64.26
55121,Asociación Mutual Malvinas Argentinas,Empresas Crédito Rápido Alto Riesgo,Proveedores No Financieros de Credito,1459754000,3691912000,39.54,2768,5725,48.35,527368,0,0,,0,0,1459754000,39.54
55336,OSCAR BARBIERI S.A.,Vendedores de Electrodomésticos y Retail,Proveedores No Financieros de Credito,1454649000,8054350000,18.06,3535,14465,24.44,411499,0,0,,0,0,1454649000,18.06
00435,BANCO SUCREDITO REGIONAL S.A.U.,Bancos Privados,Entidades Financieras - Bancos,279353000,1300459000,21.48,289,801,36.08,966619,1172569000,4931457000,23.78,10,39,1451922000,23.3
72113,MUTUAL ENTRE ASOC COOPER MUTUAL PATRONAL,Empresas Crédito Rápido Alto Riesgo,Proveedores No Financieros de Credito,1202290000,7716055000,15.58,2198,9962,22.06,546993,215801000,883860000,24.42,14,44,1418091000,16.49
55090,DILCAR S.A.,Vendedores de Electrodomésticos y Retail,Proveedores No Financieros de Credito,1403659000,5615624000,25.0,2037,11217,18.16,689081,0,0,,0,0,1403659000,25.0
55080,DAP Cooperativa de Crédito y Consumo Ltda.,Empresas Crédito Rápido Alto Riesgo,Proveedores No Financieros de Credito,1335356000,9909406000,13.48,4798,12244,39.19,278315,0,0,,0,0,1335356000,13.48
55004,Asociación Mutual de la Economía Solidaria,Empresas Crédito Rápido Alto Riesgo,Proveedores No Financieros de Credito,1329987000,6065077000,21.93,728,2377,30.63,1826905,0,0,,0,0,1329987000,21.93
55208,GS Negocios S.A.,Empresas Crédito Rápido Alto Riesgo,Proveedores No Financieros de Credito,0,0,,0,0,,,1325998000,2687297000,49.34,9,14,1325998000,49.34
55093,FINANCOMP S.A.,Empresas Crédito Rápido Alto Riesgo,Proveedores No Financieros de Credito,1318155000,1872763000,70.39,2990,3678,81.29,440855,0,0,,0,0,1318155000,70.39
55462,CORVALAN 1160 SA,Empresas Crédito Rápido Alto Riesgo,Proveedores No Financieros de Credito,1317494000,2378905000,55.38,9224,11516,80.1,142833,0,0,,0,0,1317494000,55.38
55001,Accicom S.A.,Empresas Crédito Rápido Alto Riesgo,Proveedores No Financieros de Credito,1296057000,2024996000,64.0,3754,6038,62.17,345247,0,0,,0,0,1296057000,64.0
55413,ASOCIACIÓN MUTUAL PILARENSES,Empresas Crédito Rápido Alto Riesgo,Proveedores No Financieros de Credito,1293245000,3161678000,40.9,3392,4353,77.92,381263,0,0,,0,0,1293245000,40.9
55118,"Cooperativa de Vivienda, Crédito y Consumo VIXA LTDA",Empresas Crédito Rápido Alto Riesgo,Proveedores No Financieros de Credito,1222474000,1297986000,94.18,2562,2892,88.59,477156,43295000,43295000,100.0,1,1,1265769000,94.37
72501,TDF S.A.,Empresas Crédito Rápido Alto Riesgo,Proveedores No Financieros de Credito,1251098000,1927519000,64.91,4175,5058,82.54,299664,0,3956000,0.0,0,3,1251098000,64.77
55450,PRESTY SRL,Empresas Crédito Rápido Alto Riesgo,Proveedores No Financieros de Credito,1240877000,2089692000,59.38,1310,2602,50.35,947234,0,0,,0,0,1240877000,59.38
55397,BELMONT CAPITAL S.A.,Empresas Crédito Rápido Alto Riesgo,Proveedores No Financieros de Credito,1222955000,11647270000,10.5,656,5516,11.89,1864261,0,5972000,0.0,0,1,1222955000,10.49
55579,DEAMPRO S.R.L.,Empresas Crédito Rápido Alto Riesgo,Proveedores No Financieros de Credito,1174591000,1772186000,66.28,6147,8743,70.31,191084,0,0,,0,0,1174591000,66.28
55279,SOLVENTA SAS,Empresas Crédito Rápido Alto Riesgo,Proveedores No Financieros de Credito,0,3022333000,0.0,0,2,0.0,,1172686000,1189018000,98.63,3,5,1172686000,27.85
55227,Mutual Federada 25 de junio SPR,Empresas Crédito Rápido Alto Riesgo,Proveedores No Financieros de Credito,601655000,7224795000,8.33,232,2506,9.26,2593341,567123000,4368841000,12.98,12,71,1168778000,10.08
55178,Cooperativa de Crédito y Vivienda Unicred Ltda.,Empresas Crédito Rápido Alto Riesgo,Proveedores No Financieros de Credito,0,6880000,0.0,0,2,0.0,,1109746000,35040527000,3.17,11,81,1109746000,3.17
55482,Asociación Mutual de Ayuda Entre Asociados y Adherentes de Romang Futb,Empresas Crédito Rápido Alto Riesgo,Proveedores No Financieros de Credito,1035584000,17605179000,5.88,377,5097,7.4,2746907,45714000,1121748000,4.08,4,35,1081298000,5.77
50017,PROMOVER SGR,SGR y Fondos de Garantía,SGR,0,0,,0,0,,,1042869000,1167783000,89.3,26,39,1042869000,89.3
51009,Fideicomiso de Garantías Pampeanas (FoGaPam),SGR y Fondos de Garantía,Fondos de Garantia Publicos,536209000,545747000,98.25,47,52,90.38,11408702,498000000,529353000,94.08,6,7,1034209000,96.2
55128,Crediser Argentina S.A.,Empresas Crédito Rápido Alto Riesgo,Proveedores No Financieros de Credito,1007498000,1146256000,87.89,4076,4400,92.64,247178,0,0,,0,0,1007498000,87.89
50005,AVAL FEDERAL SGR,SGR y Fondos de Garantía,SGR,108260000,125219000,86.46,2,4,50.0,54130000,897315000,1018422000,88.11,23,33,1005575000,87.93
55346,Number S.A.,Empresas Crédito Rápido Alto Riesgo,Proveedores No Financieros de Credito,0,0,,0,0,,,992933000,4252979000,23.35,1,13,992933000,23.35
71803,VISION S.A.,Empresas Crédito Rápido Alto Riesgo,Proveedores No Financieros de Credito,990921000,2027675000,48.87,1430,3138,45.57,692952,0,0,,0,0,990921000,48.87
55026,Decréditos S.A.,Empresas Crédito Rápido Alto Riesgo,Proveedores No Financieros de Credito,966561000,2084295000,46.37,225,408,55.15,4295827,0,0,,0,0,966561000,46.37
00247,BANCO ROELA S.A.,Bancos Privados,Entidades Financieras - Bancos,278232000,5660300000,4.92,39,442,8.82,7134154,687920000,64892260000,1.06,35,599,966152000,1.37
55177,"Catalinas Cooperativa de Crédito, Consumo y Vivienda Ltda.",Empresas Crédito Rápido Alto Riesgo,Proveedores No Financieros de Credito,0,39873000,0.0,0,3,0.0,,964353000,12218980000,7.89,11,33,964353000,7.87
55163,FF Capital Group S.A.,Empresas Crédito Rápido Alto Riesgo,Proveedores No Financieros de Credito,958436000,1793790000,53.43,2115,3632,58.23,453161,0,82983000,0.0,0,1,958436000,51.07
50020,AFB AVALES S.G.R.,SGR y Fondos de Garantía,SGR,56714000,60781000,93.31,9,10,90.0,6301556,896073000,1446429000,61.95,36,57,952787000,63.22
72618,ASOCIACION MUTUAL DE ASOCIADOS Y ADHERENTES DEL CENTRO JUVENIL SPORTIV,Empresas Crédito Rápido Alto Riesgo,Proveedores No Financieros de Credito,674956000,5444125000,12.4,216,1072,20.15,3124796,267667000,1310672000,20.42,6,35,942623000,13.95
55020,"Palmares Cooperativa de Vivienda, Crédito, Consumo y Servicios Sociale",Empresas Crédito Rápido Alto Riesgo,Proveedores No Financieros de Credito,936208000,8763873000,10.68,1376,7158,19.22,680384,0,0,,0,0,936208000,10.68
55115,Asociación Mutual Desarrollo Regional,Empresas Crédito Rápido Alto Riesgo,Proveedores No Financieros de Credito,885109000,5414932000,16.35,586,2787,21.03,1510425,35659000,998014000,3.57,2,14,920768000,14.36
55256,MSA CREDITOS S.A.,Empresas Crédito Rápido Alto Riesgo,Proveedores No Financieros de Credito,894160000,894160000,100.0,2076,2076,100.0,430713,0,0,,0,0,894160000,100.0
50007,AVAL RURAL SGR,SGR y Fondos de Garantía,SGR,122639000,122639000,100.0,6,6,100.0,20439833,746195000,749351000,99.58,17,19,868834000,99.64
55323,SOLUCIONES INTEGRALES S.A.,Empresas Crédito Rápido Alto Riesgo,Proveedores No Financieros de Credito,860560000,2211342000,38.92,3775,7235,52.18,227963,0,0,,0,0,860560000,38.92
55185,"Cooperativa de Crédito, Consumo y Vvienda Fincredit Ltda",Empresas Crédito Rápido Alto Riesgo,Proveedores No Financieros de Credito,0,0,,0,0,,,853028000,853028000,100.0,13,13,853028000,100.0
72649,FINANROL SA,Empresas Crédito Rápido Alto Riesgo,Proveedores No Financieros de Credito,833535000,2307878000,36.12,1909,5683,33.59,436634,0,0,,0,0,833535000,36.12
50023,UNION SGR,SGR y Fondos de Garantía,SGR,63180000,67649000,93.39,14,15,93.33,4512857,766545000,798407000,96.01,21,29,829725000,95.81
55415,BLM SERVICIOS SA,Empresas Crédito Rápido Alto Riesgo,Proveedores No Financieros de Credito,0,129517000,0.0,0,4,0.0,,822565000,7363478000,11.17,16,48,822565000,10.98
55197,"Invercoop Cooperativa de Crédito, Consumo y Vivienda Limitada",Empresas Crédito Rápido Alto Riesgo,Proveedores No Financieros de Credito,385026000,1097477000,35.08,3,6,50.0,128342000,432007000,3011083000,14.35,5,23,817033000,19.89
55006,Asociación Mutual del Litoral 17 de Enero,Empresas Crédito Rápido Alto Riesgo,Proveedores No Financieros de Credito,790032000,4945467000,15.97,481,2025,23.75,1642478,0,16903000,0.0,0,1,790032000,15.92
70503,LOCRED SRL,Empresas Crédito Rápido Alto Riesgo,Proveedores No Financieros de Credito,760725000,951382000,79.96,932,1732,53.81,816229,0,0,,0,0,760725000,79.96
72133,CREDIFIAR S.A.,Empresas Crédito Rápido Alto Riesgo,Proveedores No Financieros de Credito,758175000,1477427000,51.32,1307,2992,43.68,580088,0,0,,0,0,758175000,51.32
55288,GLOBAL CAPITAL MANAGEMENT SA,Empresas Crédito Rápido Alto Riesgo,Proveedores No Financieros de Credito,742643000,819025000,90.67,1814,2329,77.89,409395,0,0,,0,0,742643000,90.67
55376,COMERPYSRL,Empresas Crédito Rápido Alto Riesgo,Proveedores No Financieros de Credito,722710000,1191617000,60.65,2403,4600,52.24,300753,0,0,,0,0,722710000,60.65
50028,AVALUAR S.G.R.,SGR y Fondos de Garantía,SGR,97834000,109504000,89.34,6,7,85.71,16305667,619899000,648846000,95.54,25,29,717733000,94.64
50035,Conaval S.G.R.,SGR y Fondos de Garantía,SGR,319893000,319893000,100.0,4,4,100.0,79973250,395302000,395487000,99.95,5,6,715195000,99.97
71302,CUMAR SA,Empresas Crédito Rápido Alto Riesgo,Proveedores No Financieros de Credito,697829000,2059435000,33.88,2542,8753,29.04,274520,0,0,,0,0,697829000,33.88
55494,Mifloder SAS,Empresas Crédito Rápido Alto Riesgo,Proveedores No Financieros de Credito,697820000,6101337000,11.44,1432,19588,7.31,487304,0,0,,0,0,697820000,11.44
50015,INTEGRA PYMES SGR,SGR y Fondos de Garantía,SGR,0,0,,0,0,,,696624000,739462000,94.21,20,23,696624000,94.21
72106,ASOCIACION MUTUAL VENADO TUERTO,Empresas Crédito Rápido Alto Riesgo,Proveedores No Financieros de Credito,683289000,7333301000,9.32,697,9524,7.32,980329,0,0,,0,0,683289000,9.32
50046,Argentina Ciudad S.G.R.,SGR y Fondos de Garantía,SGR,61970000,64812000,95.62,18,24,75.0,3442778,619216000,687394000,90.08,16,25,681186000,90.56
50026,CRECER SGR,SGR y Fondos de Garantía,SGR,133471000,153170000,87.14,44,67,65.67,3033432,546155000,714436000,76.45,28,43,679626000,78.33
55186,Confinance S.A.,Empresas Crédito Rápido Alto Riesgo,Proveedores No Financieros de Credito,0,147497000,0.0,0,8,0.0,,665234000,4512163000,14.74,11,53,665234000,14.28
55086,Asociación Mutual Asis,Empresas Crédito Rápido Alto Riesgo,Proveedores No Financieros de Credito,663978000,3584202000,18.53,1927,5436,35.45,344566,0,0,,0,0,663978000,18.53
55429,POLO VALORES S.A.,Empresas Crédito Rápido Alto Riesgo,Proveedores No Financieros de Credito,0,0,,0,0,,,656440000,1385734000,47.37,4,15,656440000,47.37
55315,FINANCRED SA,Empresas Crédito Rápido Alto Riesgo,Proveedores No Financieros de Credito,655403000,1559217000,42.03,1146,3332,34.39,571905,0,0,,0,0,655403000,42.03
55497,FINLATINA SA,Empresas Crédito Rápido Alto Riesgo,Proveedores No Financieros de Credito,464067000,498581000,93.08,1,6,16.67,464067000,173680000,725803000,23.93,4,25,637747000,52.09
50038,INNOVA SGR,SGR y Fondos de Garantía,SGR,41302000,55642000,74.23,4,5,80.0,10325500,592184000,674960000,87.74,19,31,633486000,86.71
55263,FINANCOMPRA S.A.,Empresas Crédito Rápido Alto Riesgo,Proveedores No Financieros de Credito,627275000,1938638000,32.36,3017,6627,45.53,207913,0,196000,0.0,0,1,627275000,32.35
55073,Oportunidad Microfinanciera Latinoamericana OMLA S.A.,Empresas Crédito Rápido Alto Riesgo,Proveedores No Financieros de Credito,612004000,3263106000,18.76,544,2877,18.91,1125007,0,34954000,0.0,0,1,612004000,18.56
55196,Cooperativa Concred de crédito y vivienda Ltda.,Empresas Crédito Rápido Alto Riesgo,Proveedores No Financieros de Credito,0,36348000,0.0,0,4,0.0,,591684000,1228398000,48.17,4,28,591684000,46.78
55269,SERVICIOS OSTENDE SRL,Empresas Crédito Rápido Alto Riesgo,Proveedores No Financieros de Credito,0,222896000,0.0,0,4,0.0,,574056000,663005000,86.58,2,4,574056000,64.8
55463,MILLASA S.A.,Empresas Crédito Rápido Alto Riesgo,Proveedores No Financieros de Credito,564556000,1146021000,49.26,777,1758,44.2,726584,0,0,,0,0,564556000,49.26
55545,GZM SOLUCIONES S.A,Compra de Carteras en Mora,Proveedores No Financieros de Credito,0,0,,0,0,,,562696000,562696000,100.0,1,1,562696000,100.0
55487,ASOCIACION MUTUAL PARA EL PERSONAL DEL PODER JUDICIAL Y TRABAJADORES I,Empresas Crédito Rápido Alto Riesgo,Proveedores No Financieros de Credito,561603000,1720683000,32.64,581,2121,27.39,966614,0,0,,0,0,561603000,32.64
51006,Fondo de garantía para el Desarrollo Fueguino S.A.P.E.M. (FOGADEF),SGR y Fondos de Garantía,Fondos de Garantia Publicos,283286000,283286000,100.0,17,17,100.0,16663882,276041000,276041000,100.0,8,8,559327000,100.0
70421,MUTUAL COYSPU,Empresas Crédito Rápido Alto Riesgo,Proveedores No Financieros de Credito,485186000,3089065000,15.71,274,2864,9.57,1770752,66414000,173272000,38.33,4,8,551600000,16.91
55283,S&S SOLUTIONS SA,Empresas Crédito Rápido Alto Riesgo,Proveedores No Financieros de Credito,208330000,298664000,69.75,107,129,82.95,1947009,335640000,397779000,84.38,57,65,543970000,78.11
55531,ARGENTUM CAPITAL SA,Empresas Crédito Rápido Alto Riesgo,Proveedores No Financieros de Credito,536417000,2110422000,25.42,4646,15418,30.13,115458,0,0,,0,0,536417000,25.42
50021,AVAL AR SGR,SGR y Fondos de Garantía,SGR,12028000,34084000,35.29,3,4,75.0,4009333,521773000,521773000,100.0,12,12,533801000,96.03
55111,Clank S.A.,Empresas Crédito Rápido Alto Riesgo,Proveedores No Financieros de Credito,520123000,2597649000,20.02,862,2485,34.69,603391,0,0,,0,0,520123000,20.02
55395,CIGANDA & MASARIE,Empresas Crédito Rápido Alto Riesgo,Proveedores No Financieros de Credito,512189000,1368367000,37.43,315,765,41.18,1625997,0,0,,0,0,512189000,37.43
70140,COTO CENTRO INTEGRAL DE COMERCIALIZAC SA,Vendedores de Electrodomésticos y Retail,Proveedores No Financieros de Credito,508520000,6559910000,7.75,1610,20055,8.03,315851,0,0,,0,0,508520000,7.75
55156,UNIGESTION SA,Empresas Crédito Rápido Alto Riesgo,Proveedores No Financieros de Credito,508424000,4266094000,11.92,1112,5767,19.28,457216,0,0,,0,0,508424000,11.92
55511,ASOCIACION MUTUAL 9 DE JULIO OLIMPICO FREYRE,Empresas Crédito Rápido Alto Riesgo,Proveedores No Financieros de Credito,184217000,1528574000,12.05,30,323,9.29,6140567,322749000,859975000,37.53,2,15,506966000,21.22
50032,RESILIENCIA SGR,SGR y Fondos de Garantía,SGR,42723000,51852000,82.39,8,13,61.54,5340375,460794000,492579000,93.55,25,32,503517000,92.48
55219,Cooperativa de Vivienda Crédito y Consumo La Integradora Limitada,Empresas Crédito Rápido Alto Riesgo,Proveedores No Financieros de Credito,502211000,1186697000,42.32,2118,10001,21.18,237116,0,0,,0,0,502211000,42.32
55356,G10 EMPRENDIMIENTOS SA,Empresas Crédito Rápido Alto Riesgo,Proveedores No Financieros de Credito,493119000,1622770000,30.39,2819,5456,51.67,174927,0,0,,0,0,493119000,30.39
00281,BANCO MERIDIAN S.A.,Bancos Privados,Entidades Financieras - Bancos,61020000,1927229000,3.17,64,1910,3.35,953438,414371000,13496893000,3.07,24,146,475391000,3.08
72117,ASOC MUT CONSEJ ARROYOS COOP EMP MULTIPL,Empresas Crédito Rápido Alto Riesgo,Proveedores No Financieros de Credito,471883000,7282925000,6.48,83,1660,5.0,5685337,0,946420000,0.0,0,21,471883000,5.73
50037,FIDEM SGR,SGR y Fondos de Garantía,SGR,15181000,29641000,51.22,2,3,66.67,7590500,454036000,507165000,89.52,17,27,469217000,87.41
55189,Compañía General de Finanzas S.A.,Empresas Crédito Rápido Alto Riesgo,Proveedores No Financieros de Credito,0,43888000,0.0,0,2,0.0,,466746000,4182983000,11.16,11,27,466746000,11.04
55355,FULLCREDIT SA,Empresas Crédito Rápido Alto Riesgo,Proveedores No Financieros de Credito,456824000,1544486000,29.58,632,1821,34.71,722823,0,469764000,0.0,0,18,456824000,22.68
55513,IXPAY SA,Empresas Crédito Rápido Alto Riesgo,Proveedores No Financieros de Credito,451479000,663673000,68.03,1274,1916,66.49,354379,0,0,,0,0,451479000,68.03
55120,Ebucar S.A.,Empresas Crédito Rápido Alto Riesgo,Proveedores No Financieros de Credito,437362000,2980383000,14.67,690,2117,32.59,633858,0,0,,0,0,437362000,14.67
55202,Depsa Valores S.A.,Empresas Crédito Rápido Alto Riesgo,Proveedores No Financieros de Credito,0,437236000,0.0,0,17,0.0,,432199000,9924109000,4.36,11,68,432199000,4.17
55534,Mutual 22 de septiembre,Empresas Crédito Rápido Alto Riesgo,Proveedores No Financieros de Credito,430663000,1582894000,27.21,550,1566,35.12,783024,0,9714000,0.0,0,3,430663000,27.04
55077,Asociación Mutual de Escribanos,Empresas Crédito Rápido Alto Riesgo,Proveedores No Financieros de Credito,424294000,1872786000,22.66,570,1912,29.81,744375,0,5015000,0.0,0,1,424294000,22.6
70429,MUTUAL DE LAS COMUNIDADES,Empresas Crédito Rápido Alto Riesgo,Proveedores No Financieros de Credito,266469000,5046408000,5.28,82,2004,4.09,3249622,153607000,972561000,15.79,4,25,420076000,6.98
55075,IDUN INVERSIONES S.A.,Empresas Crédito Rápido Alto Riesgo,Proveedores No Financieros de Credito,391749000,412603000,94.95,1133,1176,96.34,345763,0,0,,0,0,391749000,94.95
55419,Daneio SA,Empresas Crédito Rápido Alto Riesgo,Proveedores No Financieros de Credito,388738000,1030480000,37.72,572,1473,38.83,679612,0,0,,0,0,388738000,37.72
10915,F.F. CENTURIA,Compra de Carteras en Mora,Fideicomisos Financieros,384163000,385673000,99.61,3656,3661,99.86,105077,4497000,4497000,100.0,42,42,388660000,99.61
55018,Cooperativa de Provisión de Obras y Servicios Publicos y de Créditos C,Empresas Crédito Rápido Alto Riesgo,Proveedores No Financieros de Credito,387270000,1775613000,21.81,555,2151,25.8,697784,0,0,,0,0,387270000,21.81
55195,Libertador Factoring S.A.,Empresas Crédito Rápido Alto Riesgo,Proveedores No Financieros de Credito,0,32568000,0.0,0,1,0.0,,387009000,8319756000,4.65,17,39,387009000,4.63
50018,POTENCIAR SGR,SGR y Fondos de Garantía,SGR,69370000,83455000,83.12,88,102,86.27,788295,314450000,452247000,69.53,14,26,383820000,71.65
55076,Grupo Prestafácil S.A.,Empresas Crédito Rápido Alto Riesgo,Proveedores No Financieros de Credito,382051000,4312404000,8.86,262,3025,8.66,1458210,0,0,,0,0,382051000,8.86
55151,PREVER COOPERATIVA DE CRÉDITO Y CONSUMO LTDA,Empresas Crédito Rápido Alto Riesgo,Proveedores No Financieros de Credito,364920000,1431214000,25.5,893,1856,48.11,408645,0,246841000,0.0,0,1,364920000,21.75
50033,Crédito Argentino S.G.R.,SGR y Fondos de Garantía,SGR,53405000,115160000,46.37,2,7,28.57,26702500,309862000,489905000,63.25,7,15,363267000,60.04
72126,CREDISOL S.A.,Empresas Crédito Rápido Alto Riesgo,Proveedores No Financieros de Credito,361507000,971001000,37.23,2741,6249,43.86,131889,0,0,,0,0,361507000,37.23
55049,Surfinan S.A.,Empresas Crédito Rápido Alto Riesgo,Proveedores No Financieros de Credito,353871000,394885000,89.61,1302,1496,87.03,271790,0,0,,0,0,353871000,89.61
55496,Cash Online S.A.,Empresas Crédito Rápido Alto Riesgo,Proveedores No Financieros de Credito,352928000,3537744000,9.98,229,3137,7.3,1541170,0,0,,0,0,352928000,9.98
55134,MAXIHOGAR SRL,Vendedores de Electrodomésticos y Retail,Proveedores No Financieros de Credito,347675000,845133000,41.14,3153,4089,77.11,110268,0,0,,0,0,347675000,41.14
50009,CAMPO AVAL SGR,SGR y Fondos de Garantía,SGR,107567000,107567000,100.0,3,3,100.0,35855667,235073000,255532000,91.99,15,18,342640000,94.37
10628,F.F. PRIVADO ASSET RECOVERY 5,Compra de Carteras en Mora,Fideicomisos Financieros,341748000,352482000,96.95,2336,2358,99.07,146296,0,0,,0,0,341748000,96.95
55349,AGILCRED S.A.,Empresas Crédito Rápido Alto Riesgo,Proveedores No Financieros de Credito,337054000,3635821000,9.27,537,2518,21.33,627661,0,0,,0,0,337054000,9.27
51005,Garantía San Juan SAPEM,SGR y Fondos de Garantía,Fondos de Garantia Publicos,165182000,209358000,78.9,15,20,75.0,11012133,169682000,285966000,59.34,11,17,334864000,67.61
72129,ASOCIACION MUTUAL CLUB ATLETICO PILAR,Empresas Crédito Rápido Alto Riesgo,Proveedores No Financieros de Credito,278918000,4933333000,5.65,128,2431,5.27,2179047,44077000,121081000,36.4,2,11,322995000,6.39
55160,"Arrayanes Cooperativa de Vivienda, Crédito y Consumo",Empresas Crédito Rápido Alto Riesgo,Proveedores No Financieros de Credito,315669000,723779000,43.61,267,580,46.03,1182281,0,0,,0,0,315669000,43.61
55474,FIDEICOMISOS MANDATOS E INVERSIONES SA,Empresas Crédito Rápido Alto Riesgo,Proveedores No Financieros de Credito,0,3100000,0.0,0,1,0.0,,308361000,576168000,53.52,5,15,308361000,53.23
55200,"Cooperativa de Vivienda, Crédito y Consumo para el Desarrollo Ltda (CO",Empresas Crédito Rápido Alto Riesgo,Proveedores No Financieros de Credito,22769000,22895000,99.45,2,3,66.67,11384500,285031000,292171000,97.56,5,6,307800000,97.69
70435,SERVICIOS FECESCOR S.A,Empresas Crédito Rápido Alto Riesgo,Proveedores No Financieros de Credito,294297000,2322751000,12.67,165,1767,9.34,1783618,0,0,,0,0,294297000,12.67
55088,Asociación Mutual de Docentes de la Provincia del Chaco,Empresas Crédito Rápido Alto Riesgo,Proveedores No Financieros de Credito,292183000,4790064000,6.1,424,9464,4.48,689111,0,0,,0,0,292183000,6.1
55214,Credinegocios Moscasil S.A.,Empresas Crédito Rápido Alto Riesgo,Proveedores No Financieros de Credito,288141000,935809000,30.79,336,716,46.93,857562,0,0,,0,0,288141000,30.79
10921,Flex Fideicomiso Financiero,Compra de Carteras en Mora,Fideicomisos Financieros,283964000,283964000,100.0,2802,2802,100.0,101343,431000,431000,100.0,1,1,284395000,100.0
72101,ASOC MUT AYUDA ASOC ADHER CLUB ATL UNION,Empresas Crédito Rápido Alto Riesgo,Proveedores No Financieros de Credito,284036000,2544330000,11.16,460,3314,13.88,617470,45000,70942000,0.06,1,9,284081000,10.86
55003,Asociación Mutual Centro Litoral,Empresas Crédito Rápido Alto Riesgo,Proveedores No Financieros de Credito,283318000,971099000,29.17,513,977,52.51,552277,0,0,,0,0,283318000,29.17
55477,MERITE S.A.,Empresas Crédito Rápido Alto Riesgo,Proveedores No Financieros de Credito,279973000,354291000,79.02,2730,3257,83.82,102554,0,0,,0,0,279973000,79.02
55526,Asociacion Mutual Progreso Entrerriano,Empresas Crédito Rápido Alto Riesgo,Proveedores No Financieros de Credito,138872000,1644311000,8.45,605,2543,23.79,229540,137411000,489806000,28.05,2,11,276283000,12.95
55170,"Cooperativa de Viv., Cred. y Con. Amigal Ltda.",Empresas Crédito Rápido Alto Riesgo,Proveedores No Financieros de Credito,271626000,386962000,70.19,1,2,50.0,271626000,0,1880320000,0.0,0,9,271626000,11.98
55498,LANTI SA,Compra de Carteras en Mora,Proveedores No Financieros de Credito,140275000,140275000,100.0,1,1,100.0,140275000,129973000,129973000,100.0,3,3,270248000,100.0
70270,Asociación Mutual Club Social Deportivo Ascensión,Empresas Crédito Rápido Alto Riesgo,Proveedores No Financieros de Credito,263520000,802649000,32.83,438,1547,28.31,601644,0,0,,0,0,263520000,32.83
72633,COOPERATIVA FARO LTDA,Empresas Crédito Rápido Alto Riesgo,Proveedores No Financieros de Credito,262976000,1578383000,16.66,693,4338,15.98,379475,31000,31000,100.0,1,1,263007000,16.66
55226,MSM Leasing S.A.,Empresas Crédito Rápido Alto Riesgo,Proveedores No Financieros de Credito,85752000,147012000,58.33,3,6,50.0,28584000,176509000,1167387000,15.12,2,10,262261000,19.95
55304,TU ADELANTO SA,Empresas Crédito Rápido Alto Riesgo,Proveedores No Financieros de Credito,240410000,267143000,89.99,597,643,92.85,402697,0,0,,0,0,240410000,89.99
50044,Trend SGR,SGR y Fondos de Garantía,SGR,0,0,,0,0,,,238730000,253730000,94.09,5,8,238730000,94.09
55318,DLL LEASING ARGENTINA S.A.,Empresas Crédito Rápido Alto Riesgo,Proveedores No Financieros de Credito,238388000,249227000,95.65,1,2,50.0,238388000,0,90080000,0.0,0,1,238388000,70.26
70154,TELEPEAJE S.A.,Empresas Crédito Rápido Alto Riesgo,Proveedores No Financieros de Credito,187554000,228178000,82.2,2169,2538,85.46,86470,50400000,73227000,68.83,243,314,237954000,78.95
70413,VILLTER S.R.L.,Empresas Crédito Rápido Alto Riesgo,Proveedores No Financieros de Credito,235079000,916203000,25.66,548,1813,30.23,428976,0,0,,0,0,235079000,25.66
55432,LUCSE INVERSIONES S.A.,Empresas Crédito Rápido Alto Riesgo,Proveedores No Financieros de Credito,231318000,1610718000,14.36,432,2172,19.89,535458,0,0,,0,0,231318000,14.36
55488,RIO FRANCO SA,Empresas Crédito Rápido Alto Riesgo,Proveedores No Financieros de Credito,209764000,299500000,70.04,6,12,50.0,34960667,21128000,51325000,41.17,4,7,230892000,65.81
55483,Longcred S.A.,Empresas Crédito Rápido Alto Riesgo,Proveedores No Financieros de Credito,228566000,337531000,67.72,185,414,44.69,1235492,0,0,,0,0,228566000,67.72
55584,CONSUMEX S.A.,Empresas Crédito Rápido Alto Riesgo,Proveedores No Financieros de Credito,226248000,1110185000,20.38,675,1215,55.56,335182,0,0,,0,0,226248000,20.38
55480,RUMKALO S.R.L.,Empresas Crédito Rápido Alto Riesgo,Proveedores No Financieros de Credito,220444000,260381000,84.66,839,1089,77.04,262746,0,0,,0,0,220444000,84.66
55295,CREDITAM LIMITADA S.A.,Empresas Crédito Rápido Alto Riesgo,Proveedores No Financieros de Credito,218590000,1017062000,21.49,449,816,55.02,486837,0,0,,0,0,218590000,21.49
55235,Valerza S.A.,Empresas Crédito Rápido Alto Riesgo,Proveedores No Financieros de Credito,126076000,2277339000,5.54,288,1286,22.4,437764,91202000,91202000,100.0,2,2,217278000,9.17
70412,Zafiro S.A.,Empresas Crédito Rápido Alto Riesgo,Proveedores No Financieros de Credito,215950000,970806000,22.24,373,1539,24.24,578954,0,0,,0,0,215950000,22.24
55524,ASOCIACION MUTUAL 7 DE AGOSTO,Empresas Crédito Rápido Alto Riesgo,Proveedores No Financieros de Credito,215533000,4883793000,4.41,286,6076,4.71,753612,0,0,,0,0,215533000,4.41
55314,REGGIO DI CALABRIA S.R.L.,Empresas Crédito Rápido Alto Riesgo,Proveedores No Financieros de Credito,212391000,40571260000,0.52,211,31486,0.67,1006592,0,0,,0,0,212391000,0.52
55439,MUTUAL DE PORTEÑA ASOCIACION CULTURAL Y DEPORTIVA,Empresas Crédito Rápido Alto Riesgo,Proveedores No Financieros de Credito,210582000,3916507000,5.38,37,531,6.97,5691405,0,294591000,0.0,0,7,210582000,5.0
70424,Tarjeta PL S.A.,Tarjetas de Crédito No Bancarias,Proveedores No Financieros de Credito,207939000,1707358000,12.18,453,2787,16.25,459026,0,0,,0,0,207939000,12.18
55092,Dante Tanino Hogar S.A.,Vendedores de Electrodomésticos y Retail,Proveedores No Financieros de Credito,206451000,1189251000,17.36,635,2797,22.7,325120,0,0,,0,0,206451000,17.36
55188,"Cooperativa de Vivienda, Crédito y Consumo del Litoral Ltda",Empresas Crédito Rápido Alto Riesgo,Proveedores No Financieros de Credito,0,90327000,0.0,0,1,0.0,,206041000,1879406000,10.96,2,15,206041000,10.46
55287,COBRO FACIL SRL,Empresas Crédito Rápido Alto Riesgo,Proveedores No Financieros de Credito,205661000,419865000,48.98,787,1411,55.78,261323,0,0,,0,0,205661000,48.98
50002,AFFIDAVIT SGR,SGR y Fondos de Garantía,SGR,19778000,19932000,99.23,1,2,50.0,19778000,185114000,234946000,78.79,12,21,204892000,80.39
55125,"Cooperativa de Vivienda, Crédito, Consumo y Servicios Sociales Candela",Empresas Crédito Rápido Alto Riesgo,Proveedores No Financieros de Credito,203480000,2749847000,7.4,175,2643,6.62,1162743,0,0,,0,0,203480000,7.4
55457,MIGXION S.A.,Empresas Crédito Rápido Alto Riesgo,Proveedores No Financieros de Credito,0,45056000,0.0,0,10,0.0,,200867000,1184304000,16.96,1,12,200867000,16.34
70269,"Credinos Cooperativa de Vivienda, Crédito, Consumo, Servicios Asistenc",Empresas Crédito Rápido Alto Riesgo,Proveedores No Financieros de Credito,195368000,682261000,28.64,763,1566,48.72,256052,0,0,,0,0,195368000,28.64
55554,PRESTACIONES S.A.,Empresas Crédito Rápido Alto Riesgo,Proveedores No Financieros de Credito,160100000,637780000,25.1,12,25,48.0,13341667,34640000,253550000,13.66,2,6,194740000,21.85
55444,CREDISE S.A.,Empresas Crédito Rápido Alto Riesgo,Proveedores No Financieros de Credito,192142000,2639398000,7.28,285,2522,11.3,674182,0,0,,0,0,192142000,7.28
70257,TARTAN S.A.,Empresas Crédito Rápido Alto Riesgo,Proveedores No Financieros de Credito,191347000,230101000,83.16,552,708,77.97,346643,0,0,,0,0,191347000,83.16
55458,SOLVERS S.A.,Empresas Crédito Rápido Alto Riesgo,Proveedores No Financieros de Credito,187765000,287205000,65.38,927,1065,87.04,202551,0,0,,0,0,187765000,65.38
55523,COMERCIAL FERSA SRL,Empresas Crédito Rápido Alto Riesgo,Proveedores No Financieros de Credito,185434000,798037000,23.24,164,607,27.02,1130695,0,0,,0,0,185434000,23.24
55377,Clave Creditos S.A.,Empresas Crédito Rápido Alto Riesgo,Proveedores No Financieros de Credito,184075000,421463000,43.68,296,920,32.17,621875,0,0,,0,0,184075000,43.68
55516,M&B COMPANY S. A. S.,Empresas Crédito Rápido Alto Riesgo,Proveedores No Financieros de Credito,182718000,299609000,60.99,34,90,37.78,5374059,0,0,,0,0,182718000,60.99
55512,TRADING PROFIT S.A.,Empresas Crédito Rápido Alto Riesgo,Proveedores No Financieros de Credito,181299000,374282000,48.44,95,262,36.26,1908411,0,0,,0,0,181299000,48.44
55123,"Cooperativa 2001 de Vivienda, Crédito y Consumo Ltda.",Empresas Crédito Rápido Alto Riesgo,Proveedores No Financieros de Credito,181202000,2228826000,8.13,401,2654,15.11,451875,0,0,,0,0,181202000,8.13
55470,CAMELUS S.A.,Empresas Crédito Rápido Alto Riesgo,Proveedores No Financieros de Credito,179504000,561006000,32.0,20,175,11.43,8975200,0,0,,0,0,179504000,32.0
50030,Confiables S.G.R.,SGR y Fondos de Garantía,SGR,67968000,67968000,100.0,7,7,100.0,9709714,111391000,197897000,56.29,8,11,179359000,67.46
71204,Crédito Móvil S.A.,Empresas Crédito Rápido Alto Riesgo,Proveedores No Financieros de Credito,171745000,434214000,39.55,155,401,38.65,1108032,0,0,,0,0,171745000,39.55
55411,CREDITAN COOPERATIVA DE VIVIENDA CREDITO Y CONSUMO LTDA,Empresas Crédito Rápido Alto Riesgo,Proveedores No Financieros de Credito,170160000,1343394000,12.67,245,1132,21.64,694531,411000,411000,100.0,1,1,170571000,12.69
55420,MARIAS CAPITAL SA,Empresas Crédito Rápido Alto Riesgo,Proveedores No Financieros de Credito,0,57815000,0.0,0,4,0.0,,168730000,2183035000,7.73,3,19,168730000,7.53
50047,Patagonia S.G.R.,SGR y Fondos de Garantía,SGR,20670000,20933000,98.74,1,2,50.0,20670000,143536000,171257000,83.81,8,11,164206000,85.44
72613,NORYSUR SOCIEDAD ANONIMA,Vendedores de Electrodomésticos y Retail,Proveedores No Financieros de Credito,159265000,226364000,70.36,435,518,83.98,366126,0,0,,0,0,159265000,70.36
55469,BOCAS DEL TORO S.A.,Empresas Crédito Rápido Alto Riesgo,Proveedores No Financieros de Credito,155183000,295575000,52.5,79,245,32.24,1964342,0,0,,0,0,155183000,52.5
55210,"Del País Cooperativa de Crédito, Consumo y Vivienda Ltda.",Empresas Crédito Rápido Alto Riesgo,Proveedores No Financieros de Credito,60518000,212093000,28.53,3,30,10.0,20172667,91889000,2699792000,3.4,6,82,152407000,5.23
55133,Rotas S.A.,Empresas Crédito Rápido Alto Riesgo,Proveedores No Financieros de Credito,53869000,226793000,23.75,713,728,97.94,75553,97949000,4985735000,1.96,7,57,151818000,2.91
55486,TODOPAY S.R.L.,Empresas Crédito Rápido Alto Riesgo,Proveedores No Financieros de Credito,151470000,293965000,51.53,203,352,57.67,746158,0,29874000,0.0,0,1,151470000,46.77
55277,ASOCIACION MUTUAL FIAT CONCORD,Empresas Crédito Rápido Alto Riesgo,Proveedores No Financieros de Credito,146875000,969274000,15.15,208,495,42.02,706130,0,0,,0,0,146875000,15.15
70252,JUCARD JUNIN S.R.L.,Tarjetas de Crédito No Bancarias,Proveedores No Financieros de Credito,142537000,574483000,24.81,387,2033,19.04,368313,0,0,,0,0,142537000,24.81
55204,Development Corp S.A.,Empresas Crédito Rápido Alto Riesgo,Proveedores No Financieros de Credito,0,127111000,0.0,0,4,0.0,,142454000,5598521000,2.54,10,27,142454000,2.49
72112,ASOC MUTUAL SOC CTRO EC CAÑADA DE GOMEZ,Empresas Crédito Rápido Alto Riesgo,Proveedores No Financieros de Credito,138147000,2762948000,5.0,264,5439,4.85,523284,0,0,,0,0,138147000,5.0
55245,CUOTAFACIL SA,Empresas Crédito Rápido Alto Riesgo,Proveedores No Financieros de Credito,135056000,171280000,78.85,225,258,87.21,600249,0,0,,0,0,135056000,78.85
55082,Asociación Mutual de Pensionados Sociales Ley 5110,Empresas Crédito Rápido Alto Riesgo,Proveedores No Financieros de Credito,133447000,2621345000,5.09,724,10645,6.8,184319,0,19740000,0.0,0,2,133447000,5.05
55309,MUTUAL DEL PERSONAL DEL MINISTERIO DE EDUCACION Y JUSTICIA DE LA NACIO,Empresas Crédito Rápido Alto Riesgo,Proveedores No Financieros de Credito,126675000,260048000,48.71,284,706,40.23,446039,0,0,,0,0,126675000,48.71
55297,FINANCITY S.A.,Empresas Crédito Rápido Alto Riesgo,Proveedores No Financieros de Credito,124142000,2940987000,4.22,63,1271,4.96,1970508,0,0,,0,0,124142000,4.22
55265,CRE-DIN S. A.,Compra de Carteras en Mora,Proveedores No Financieros de Credito,123994000,123994000,100.0,1431,1431,100.0,86648,0,0,,0,0,123994000,100.0
55456,PREST SPC SAS,Empresas Crédito Rápido Alto Riesgo,Proveedores No Financieros de Credito,123930000,126933000,97.63,166,175,94.86,746566,0,0,,0,0,123930000,97.63
55472,SUMA INVERSIONES S.A.,Empresas Crédito Rápido Alto Riesgo,Proveedores No Financieros de Credito,14650000,131976000,11.1,5,14,35.71,2930000,109036000,136092000,80.12,2,5,123686000,46.14
55175,"Cooperativa Interamericana de Credito, Vivienda y Consumo Limitada",Empresas Crédito Rápido Alto Riesgo,Proveedores No Financieros de Credito,0,107883000,0.0,0,4,0.0,,123484000,1140507000,10.83,3,24,123484000,9.89
50043,Neuquèn Pymes SGR,SGR y Fondos de Garantía,SGR,14956000,41290000,36.22,3,8,37.5,4985333,105120000,168957000,62.22,8,24,120076000,57.11
55137,"Cooperativa de Crédito, Consumo, Vivienda y Servicios Sociales Videgar",Empresas Crédito Rápido Alto Riesgo,Proveedores No Financieros de Credito,120023000,710349000,16.9,768,1800,42.67,156280,0,0,,0,0,120023000,16.9
70420,Corfa Servi S.R.L.,Empresas Crédito Rápido Alto Riesgo,Proveedores No Financieros de Credito,118051000,591538000,19.96,151,989,15.27,781795,0,278000,0.0,0,2,118051000,19.95
55057,Mutual Integral de Servicios,Empresas Crédito Rápido Alto Riesgo,Proveedores No Financieros de Credito,117897000,3114670000,3.79,109,1260,8.65,1081624,0,0,,0,0,117897000,3.79
71101,NOA CARD S.A.,Tarjetas de Crédito No Bancarias,Proveedores No Financieros de Credito,116031000,1642940000,7.06,189,1781,10.61,613921,0,0,,0,0,116031000,7.06
55124,Plusrasgo S.A.,Empresas Crédito Rápido Alto Riesgo,Proveedores No Financieros de Credito,115018000,2594806000,4.43,42,1205,3.49,2738524,0,0,,0,0,115018000,4.43
55525,ASOCIACION MUTUAL GRAL J JOSE DE URQUIZA,Empresas Crédito Rápido Alto Riesgo,Proveedores No Financieros de Credito,113539000,2415044000,4.7,150,3491,4.3,756927,0,0,,0,0,113539000,4.7
55130,"Mutual de Jubilados, Retirados y Pensionados Provinciales",Empresas Crédito Rápido Alto Riesgo,Proveedores No Financieros de Credito,108953000,108953000,100.0,1744,1744,100.0,62473,0,0,,0,0,108953000,100.0
55198,Cooperativa de Vivienda Crédito y Consumo Concepción Limitada,Empresas Crédito Rápido Alto Riesgo,Proveedores No Financieros de Credito,0,21415000,0.0,0,333,0.0,,107495000,1584179000,6.79,8,56,107495000,6.7
55459,Admiral Finance SA,Empresas Crédito Rápido Alto Riesgo,Proveedores No Financieros de Credito,0,914945000,0.0,0,20,0.0,,106376000,4308277000,2.47,4,43,106376000,2.04
50025,AVALES DEL CENTRO SGR,SGR y Fondos de Garantía,SGR,832000,832000,100.0,1,1,100.0,832000,104234000,114412000,91.1,14,18,105066000,91.17
72103,CLUB ATLETICO SAN JORGE MUTUAL Y SOCIAL,Empresas Crédito Rápido Alto Riesgo,Proveedores No Financieros de Credito,104675000,1694104000,6.18,94,2396,3.92,1113564,0,38140000,0.0,0,15,104675000,6.04
55201,Credit & Investment SRL,Empresas Crédito Rápido Alto Riesgo,Proveedores No Financieros de Credito,103900000,302283000,34.37,71,163,43.56,1463380,0,0,,0,0,103900000,34.37
72607,"FIRENZE COOPERATIVA DE CRÉDITO, CONSUMO, VIVIENDA, TURISMO Y SERVICIOS",Empresas Crédito Rápido Alto Riesgo,Proveedores No Financieros de Credito,102653000,3423489000,3.0,139,1661,8.37,738511,0,118000,0.0,0,1,102653000,3.0
55359,DHF SA,Empresas Crédito Rápido Alto Riesgo,Proveedores No Financieros de Credito,0,17250000,0.0,0,3,0.0,,101792000,2860503000,3.56,5,44,101792000,3.54
55399,MAMLUSENA S.A.,Empresas Crédito Rápido Alto Riesgo,Proveedores No Financieros de Credito,99776000,410820000,24.29,466,1368,34.06,214112,0,0,,0,0,99776000,24.29
55492,Asociación Mutual de Trabajadores Argentinos Estatales,Empresas Crédito Rápido Alto Riesgo,Proveedores No Financieros de Credito,98656000,1321328000,7.47,49,511,9.59,2013388,0,0,,0,0,98656000,7.47
55353,VIKA 2010 S.A.,Empresas Crédito Rápido Alto Riesgo,Proveedores No Financieros de Credito,56901000,182441000,31.19,3,11,27.27,18967000,39421000,470326000,8.38,4,21,96322000,14.76
55048,Sicom S.A.,Empresas Crédito Rápido Alto Riesgo,Proveedores No Financieros de Credito,94499000,12051320000,0.78,96,3147,3.05,984365,0,0,,0,0,94499000,0.78
50010,Poder SGR,SGR y Fondos de Garantía,SGR,12283000,15331000,80.12,3,4,75.0,4094333,79572000,133309000,59.69,5,13,91855000,61.8
55586,WUNDER S.A.,Empresas Crédito Rápido Alto Riesgo,Proveedores No Financieros de Credito,91677000,4171004000,2.2,15,454,3.3,6111800,0,109161000,0.0,0,1,91677000,2.14
70411,TEVISAL S.A.,Empresas Crédito Rápido Alto Riesgo,Proveedores No Financieros de Credito,91153000,231645000,39.35,217,488,44.47,420060,0,0,,0,0,91153000,39.35
55493,OPENCRED SA,Empresas Crédito Rápido Alto Riesgo,Proveedores No Financieros de Credito,90163000,257840000,34.97,539,853,63.19,167278,0,0,,0,0,90163000,34.97
55141,AD CREDITOS S.A.,Empresas Crédito Rápido Alto Riesgo,Proveedores No Financieros de Credito,89220000,290966000,30.66,234,490,47.76,381282,0,0,,0,0,89220000,30.66
50048,Zofinger S.G.R.,SGR y Fondos de Garantía,SGR,0,0,,0,0,,,78763000,78763000,100.0,2,2,78763000,100.0
55442,LA LOMITA CAPITAL S.A.,Empresas Crédito Rápido Alto Riesgo,Proveedores No Financieros de Credito,78327000,616234000,12.71,74,569,13.01,1058473,0,0,,0,0,78327000,12.71
50012,DON MARIO SGR,SGR y Fondos de Garantía,SGR,22987000,32429000,70.88,1,3,33.33,22987000,55262000,76119000,72.6,3,9,78249000,72.09
55538,CORDOBA VALORES S.A.,Compra de Carteras en Mora,Proveedores No Financieros de Credito,0,0,,0,0,,,75223000,75223000,100.0,1,1,75223000,100.0
55515,Fidelity SRL,Empresas Crédito Rápido Alto Riesgo,Proveedores No Financieros de Credito,73620000,577352000,12.75,66,391,16.88,1115455,0,0,,0,0,73620000,12.75
51014,Fondo de Garantía Catamarca Sociedad Anónima con Participación Estatal,SGR y Fondos de Garantía,Fondos de Garantia Publicos,37100000,59230000,62.64,8,16,50.0,4637500,36065000,40232000,89.64,5,7,73165000,73.56
55453,Cooperativa de Credito Consumo y Vivienda Baymor Ltda,Empresas Crédito Rápido Alto Riesgo,Proveedores No Financieros de Credito,72976000,76758000,95.07,67,84,79.76,1089194,0,0,,0,0,72976000,95.07
55580,Platinum Viajes S.A.,Empresas Crédito Rápido Alto Riesgo,Proveedores No Financieros de Credito,71736000,269149000,26.65,259,1385,18.7,276973,0,0,,0,0,71736000,26.65
55532,PLUS COOPERATIVA DE CREDITO CONS Y VIV LTDA.,Empresas Crédito Rápido Alto Riesgo,Proveedores No Financieros de Credito,10311000,39800000,25.91,2,6,33.33,5155500,58638000,244274000,24.01,8,17,68949000,24.27
72631,COOPERATIVA DE PROVISION DE BIENES Y SERVICIOS ALLEN LTDA,Empresas Crédito Rápido Alto Riesgo,Proveedores No Financieros de Credito,68002000,2962765000,2.3,111,4611,2.41,612631,0,4909000,0.0,0,3,68002000,2.29
55266,CRÉDITO DEL VALLE S.A.,Empresas Crédito Rápido Alto Riesgo,Proveedores No Financieros de Credito,67219000,67219000,100.0,492,492,100.0,136624,0,0,,0,0,67219000,100.0
55258,HOMYT S.A,Empresas Crédito Rápido Alto Riesgo,Proveedores No Financieros de Credito,0,66597000,0.0,0,5,0.0,,66318000,741838000,8.94,1,29,66318000,8.2
55366,CYAP NOW S.A.,Empresas Crédito Rápido Alto Riesgo,Proveedores No Financieros de Credito,64510000,693299000,9.3,201,1305,15.4,320945,0,0,,0,0,64510000,9.3
55222,BFA Inversiones y Finanzas S.A.,Empresas Crédito Rápido Alto Riesgo,Proveedores No Financieros de Credito,60610000,158685000,38.2,17,46,36.96,3565294,0,156156000,0.0,0,5,60610000,19.25
55241,Joamar S.A.,Empresas Crédito Rápido Alto Riesgo,Proveedores No Financieros de Credito,0,26490000,0.0,0,1,0.0,,59000000,2396643000,2.46,1,11,59000000,2.43
55386,WIBOND SAS,Fintech y Billeteras,Proveedores No Financieros de Credito,57395000,67108000,85.53,422,483,87.37,136007,0,0,,0,0,57395000,85.53
51012,"Fondo específico de riesgo fiduciario de la ""Provincia de Santa Fe""",SGR y Fondos de Garantía,Fondos de Garantia Publicos,21005000,23123000,90.84,5,7,71.43,4201000,36313000,36672000,99.02,7,8,57318000,95.86
55146,LIPACO MERCANTIL S.A.,Empresas Crédito Rápido Alto Riesgo,Proveedores No Financieros de Credito,55822000,899344000,6.21,102,2293,4.45,547275,0,0,,0,0,55822000,6.21
55539,FRANKFURT S.A.,Empresas Crédito Rápido Alto Riesgo,Proveedores No Financieros de Credito,55161000,555558000,9.93,2,29,6.9,27580500,0,164045000,0.0,0,5,55161000,7.67
55040,N&F Capital Markets S.A.,Empresas Crédito Rápido Alto Riesgo,Proveedores No Financieros de Credito,54902000,258832000,21.21,226,497,45.47,242929,0,0,,0,0,54902000,21.21
55159,"TCC Cooperativa de Crédito, Consumo y Vivienda Limitada",Empresas Crédito Rápido Alto Riesgo,Proveedores No Financieros de Credito,52362000,569108000,9.2,135,683,19.77,387867,0,0,,0,0,52362000,9.2
55302,TRAYECTORIA LEASING S.A.U.,Empresas Crédito Rápido Alto Riesgo,Proveedores No Financieros de Credito,0,25300000,0.0,0,1,0.0,,51569000,689691000,7.48,1,13,51569000,7.21
70166,PRESTAMAS S.A.,Empresas Crédito Rápido Alto Riesgo,Proveedores No Financieros de Credito,50612000,81449000,62.14,130,173,75.14,389323,0,130000000,0.0,0,1,50612000,23.94
55558,GRUPO SACAR S.A.,Empresas Crédito Rápido Alto Riesgo,Proveedores No Financieros de Credito,49257000,168809000,29.18,32,281,11.39,1539281,0,0,,0,0,49257000,29.18
72132,Asociación Mutual de Ayuda entre Asociados y Adherentes del Club Depor,Empresas Crédito Rápido Alto Riesgo,Proveedores No Financieros de Credito,48641000,480174000,10.13,110,1322,8.32,442191,0,0,,0,0,48641000,10.13
55273,INSIGHT GROUP SA,Empresas Crédito Rápido Alto Riesgo,Proveedores No Financieros de Credito,13002000,544823000,2.39,29,255,11.37,448345,35166000,35166000,100.0,2,2,48168000,8.3
51002,FONDO DE GARANTÍAS DEL CHACO (FOGACH),SGR y Fondos de Garantía,Fondos de Garantia Publicos,45738000,68975000,66.31,10,15,66.67,4573800,219000,31432000,0.7,1,4,45957000,45.77
55479,FIDUCIA ARGENTINA S.A.S.,Empresas Crédito Rápido Alto Riesgo,Proveedores No Financieros de Credito,45574000,85606000,53.24,44,181,24.31,1035773,0,0,,0,0,45574000,53.24
55061,Radio Sapienza S.A.,Empresas Crédito Rápido Alto Riesgo,Proveedores No Financieros de Credito,43535000,234210000,18.59,251,662,37.92,173446,0,0,,0,0,43535000,18.59
55374,EJS S.A.,Empresas Crédito Rápido Alto Riesgo,Proveedores No Financieros de Credito,42724000,278272000,15.35,52,374,13.9,821615,0,0,,0,0,42724000,15.35
70430,ASOC. MUTUAL DEL CLUB ALMAFUERTE DE LAS VARILLAS,Empresas Crédito Rápido Alto Riesgo,Proveedores No Financieros de Credito,42008000,399774000,10.51,95,805,11.8,442189,0,515000,0.0,0,3,42008000,10.49
70802,S.A. CLUB DEL ESTE,Empresas Crédito Rápido Alto Riesgo,Proveedores No Financieros de Credito,41578000,634523000,6.55,66,1509,4.37,629970,0,0,,0,0,41578000,6.55
55541,Blue Capital S.R.L,Empresas Crédito Rápido Alto Riesgo,Proveedores No Financieros de Credito,38451000,205287000,18.73,44,171,25.73,873886,0,0,,0,0,38451000,18.73
55307,RED DE PRESTAMOS SA,Empresas Crédito Rápido Alto Riesgo,Proveedores No Financieros de Credito,36533000,420609000,8.69,76,499,15.23,480697,0,0,,0,0,36533000,8.69
55300,Buenos Aires Creditos SA,Empresas Crédito Rápido Alto Riesgo,Proveedores No Financieros de Credito,36489000,44510000,81.98,217,253,85.77,168152,0,0,,0,0,36489000,81.98
51007,Fideicomiso de Afectación Específica para Garantizar Pymes No Sujetas,SGR y Fondos de Garantía,Fondos de Garantia Publicos,21447000,21447000,100.0,1,1,100.0,21447000,14897000,20103000,74.1,1,3,36344000,87.47
55328,LOGINCREDIT S.A.,Empresas Crédito Rápido Alto Riesgo,Proveedores No Financieros de Credito,35787000,938324000,3.81,76,297,25.59,470882,0,88807000,0.0,0,7,35787000,3.48
72622,ASOCIACION MUTUAL SANTA AGUSTINA,Empresas Crédito Rápido Alto Riesgo,Proveedores No Financieros de Credito,35316000,110458000,31.97,53,253,20.95,666340,0,0,,0,0,35316000,31.97
50011,CUYO AVAL SGR,SGR y Fondos de Garantía,SGR,25676000,25676000,100.0,1,1,100.0,25676000,9153000,290478000,3.15,3,13,34829000,11.02
55207,Mills Capital S.A.,Empresas Crédito Rápido Alto Riesgo,Proveedores No Financieros de Credito,2555000,9554000,26.74,4,5,80.0,638750,30239000,568406000,5.32,15,21,32794000,5.67
70433,SISCOM S.R.L.,Empresas Crédito Rápido Alto Riesgo,Proveedores No Financieros de Credito,32488000,227922000,14.25,35,384,9.11,928229,0,89000,0.0,0,1,32488000,14.25
50034,Rig Avales S.G.R,SGR y Fondos de Garantía,SGR,5503000,5503000,100.0,1,1,100.0,5503000,26844000,34871000,76.98,3,7,32347000,80.12
55510,FINANLEASE S.A,Empresas Crédito Rápido Alto Riesgo,Proveedores No Financieros de Credito,0,858880000,0.0,0,18,0.0,,31445000,12645603000,0.25,1,73,31445000,0.23
55501,DIE ZUKUNFT SA,Empresas Crédito Rápido Alto Riesgo,Proveedores No Financieros de Credito,18005000,462949000,3.89,2,14,14.29,9002500,12000000,789529000,1.52,1,20,30005000,2.4
55345,CSPB INVERSIONES SA,Empresas Crédito Rápido Alto Riesgo,Proveedores No Financieros de Credito,0,33860000,0.0,0,2,0.0,,30000000,14881941000,0.2,1,17,30000000,0.2
55389,SI CAPITAL,Empresas Crédito Rápido Alto Riesgo,Proveedores No Financieros de Credito,29879000,98779000,30.25,22,77,28.57,1358136,0,0,,0,0,29879000,30.25
55267,ACUATRO S.A.,Compra de Carteras en Mora,Proveedores No Financieros de Credito,28354000,28354000,100.0,304,304,100.0,93270,0,0,,0,0,28354000,100.0
70407,TALOR SOCIEDAD COLECTIVA,Empresas Crédito Rápido Alto Riesgo,Proveedores No Financieros de Credito,27996000,3174037000,0.88,32,4413,0.73,874875,0,9921000,0.0,0,3,27996000,0.88
55162,Aquiprestamos.com S.A.,Empresas Crédito Rápido Alto Riesgo,Proveedores No Financieros de Credito,23784000,31397000,75.75,812,924,87.88,29291,0,0,,0,0,23784000,75.75
55598,AVANCRED SAS,Empresas Crédito Rápido Alto Riesgo,Proveedores No Financieros de Credito,22487000,28782000,78.13,12,24,50.0,1873917,0,0,,0,0,22487000,78.13
72134,Asociación Mutual de Ayuda entre Asociados y Adherentes del Club Atlét,Empresas Crédito Rápido Alto Riesgo,Proveedores No Financieros de Credito,22418000,282688000,7.93,25,958,2.61,896720,0,0,,0,0,22418000,7.93
72135,Asociación Mutual PYME RURAL,Empresas Crédito Rápido Alto Riesgo,Proveedores No Financieros de Credito,22204000,918895000,2.42,56,2242,2.5,396500,0,0,,0,0,22204000,2.42
55484,Inclusión Financiera Integral SRL,Empresas Crédito Rápido Alto Riesgo,Proveedores No Financieros de Credito,22155000,133105000,16.64,24,89,26.97,923125,0,0,,0,0,22155000,16.64
55367,INVERSORA DEL NORTE S.A.,Empresas Crédito Rápido Alto Riesgo,Proveedores No Financieros de Credito,21389000,45080000,47.45,50,69,72.46,427780,0,0,,0,0,21389000,47.45
55255,DINEFA S.R.L.,Empresas Crédito Rápido Alto Riesgo,Proveedores No Financieros de Credito,18911000,40078000,47.19,84,172,48.84,225131,0,0,,0,0,18911000,47.19
55361,DESARROLLOS AYTER S.A.,Empresas Crédito Rápido Alto Riesgo,Proveedores No Financieros de Credito,16785000,76160000,22.04,23,115,20.0,729783,0,0,,0,0,16785000,22.04
55562,SERVICIOS CADMA SA,Empresas Crédito Rápido Alto Riesgo,Proveedores No Financieros de Credito,12905000,298236000,4.33,35,878,3.99,368714,0,0,,0,0,12905000,4.33
55316,KALIMA S.A.,Compra de Carteras en Mora,Proveedores No Financieros de Credito,12114000,12114000,100.0,79,79,100.0,153342,0,0,,0,0,12114000,100.0
55352,Cooperativa de vivienda crédito y consumo San José Ltda,Empresas Crédito Rápido Alto Riesgo,Proveedores No Financieros de Credito,11501000,200656000,5.73,28,243,11.52,410750,571000,4371000,13.06,1,2,12072000,5.89
55310,MACRO SOLUTIONS SA,Empresas Crédito Rápido Alto Riesgo,Proveedores No Financieros de Credito,11725000,1494012000,0.78,283,1519,18.63,41431,0,0,,0,0,11725000,0.78
55544,YOLO CASH S.A.,Empresas Crédito Rápido Alto Riesgo,Proveedores No Financieros de Credito,10231000,347305000,2.95,14,496,2.82,730786,0,0,,0,0,10231000,2.95
51008,Fondo de Garantías Entre Ríos S.A.P.E.M. (FO.GA.ER. S.A.P.E.M.),SGR y Fondos de Garantía,Fondos de Garantia Publicos,0,0,,0,0,,,10076000,10076000,100.0,1,1,10076000,100.0
55473,GrupoCDG SA,Empresas Crédito Rápido Alto Riesgo,Proveedores No Financieros de Credito,9695000,12674000,76.5,11,16,68.75,881364,0,0,,0,0,9695000,76.5
72136,Asociación Mutualista del Club Central San Carlos,Empresas Crédito Rápido Alto Riesgo,Proveedores No Financieros de Credito,8925000,1174795000,0.76,12,1625,0.74,743750,0,14923000,0.0,0,10,8925000,0.75
55183,"Nobel Cooperativa de Crédito, Vivienda y Servicio de Transporte Ltda.",Empresas Crédito Rápido Alto Riesgo,Proveedores No Financieros de Credito,0,63538000,0.0,0,2,0.0,,8841000,1843787000,0.48,1,13,8841000,0.46
72123,SOCIEDAD ARG DE SOCORROS MUTUO CORONDA,Empresas Crédito Rápido Alto Riesgo,Proveedores No Financieros de Credito,8617000,188653000,4.57,13,704,1.85,662846,0,0,,0,0,8617000,4.57
50042,SOLIDUM S.G.R.,SGR y Fondos de Garantía,SGR,0,0,,0,0,,,8106000,18152000,44.66,1,2,8106000,44.66
55190,Gestisur Cooperativa de crédito y vivienda Ltda,Empresas Crédito Rápido Alto Riesgo,Proveedores No Financieros de Credito,8022000,120490000,6.66,1,9,11.11,8022000,0,1372591000,0.0,0,10,8022000,0.54
55392,NEGOCIOS FINANCIEROS CREDILOMAS S.A.,Empresas Crédito Rápido Alto Riesgo,Proveedores No Financieros de Credito,7272000,7272000,100.0,49,49,100.0,148408,0,0,,0,0,7272000,100.0
72128,ASOCIACION MUTUAL CLUB COLON DE SAN JUSTO,Empresas Crédito Rápido Alto Riesgo,Proveedores No Financieros de Credito,7092000,342261000,2.07,16,1076,1.49,443250,0,0,,0,0,7092000,2.07
71103,GLOBAL S.R.L.,Empresas Crédito Rápido Alto Riesgo,Proveedores No Financieros de Credito,5595000,33366000,16.77,7,90,7.78,799286,0,0,,0,0,5595000,16.77
55313,MICODEMO S.A.,Empresas Crédito Rápido Alto Riesgo,Proveedores No Financieros de Credito,3706000,3872000,95.71,26,29,89.66,142538,0,0,,0,0,3706000,95.71
55371,ASOCIACION MUTUAL EMLEADOS DE COMERCIO DE ROSARIO,Empresas Crédito Rápido Alto Riesgo,Proveedores No Financieros de Credito,3357000,311327000,1.08,8,526,1.52,419625,0,0,,0,0,3357000,1.08
50029,Fid Aval SGR,SGR y Fondos de Garantía,SGR,0,5925000,0.0,0,2,0.0,,2952000,261960000,1.13,1,23,2952000,1.1
55338,TRESSFEN SA,Empresas Crédito Rápido Alto Riesgo,Proveedores No Financieros de Credito,2570000,4703000,54.65,23,29,79.31,111739,0,0,,0,0,2570000,54.65
50024,AVAL FERTIL SGR,SGR y Fondos de Garantía,SGR,0,0,,0,0,,,2332000,2332000,100.0,1,1,2332000,100.0
71605,AVALON CREDITOS PERSONALES S.A.,Empresas Crédito Rápido Alto Riesgo,Proveedores No Financieros de Credito,2325000,36459000,6.38,9,339,2.65,258333,0,0,,0,0,2325000,6.38
50003,AGROAVAL SGR,SGR y Fondos de Garantía,SGR,0,0,,0,0,,,2099000,2099000,100.0,1,1,2099000,100.0
00269,BANCO DE LA REPUBLICA ORIENTAL DEL URUGUAY,Bancos Privados,Entidades Financieras - Bancos,1961000,69528000,2.82,16,105,15.24,122562,0,1187215000,0.0,4,13,1961000,0.16
55561,TJS CAPITAL S.A.,Empresas Crédito Rápido Alto Riesgo,Proveedores No Financieros de Credito,1557000,157353000,0.99,4,337,1.19,389250,0,566000,0.0,0,2,1557000,0.99
55535,WCA CAPITAL S. A. S.,Empresas Crédito Rápido Alto Riesgo,Proveedores No Financieros de Credito,1172000,32126000,3.65,3,24,12.5,390667,0,0,,0,0,1172000,3.65
70168,Findi S.A.,Empresas Crédito Rápido Alto Riesgo,Proveedores No Financieros de Credito,970000,287458000,0.34,1,413,0.24,970000,0,0,,0,0,970000,0.34
70808,Caja Municipal de Préstamos Sociedad de Economía Mixta,Empresas Crédito Rápido Alto Riesgo,Proveedores No Financieros de Credito,910000,1924272000,0.05,2,1278,0.16,455000,0,0,,0,0,910000,0.05
70231,MUTUAL DE ASOC Y ADHER CLUB SPORTS SALTO,Empresas Crédito Rápido Alto Riesgo,Proveedores No Financieros de Credito,892000,16689000,5.34,4,69,5.8,223000,0,0,,0,0,892000,5.34
55292,TRANSCON S.A.U.,Compra de Carteras en Mora,Proveedores No Financieros de Credito,801000,801000,100.0,5,5,100.0,160200,0,0,,0,0,801000,100.0
55194,Policredito Coop. Limitada de Crédito y Vivienda.,Empresas Crédito Rápido Alto Riesgo,Proveedores No Financieros de Credito,0,44460000,0.0,0,8,0.0,,760000,364256000,0.21,6,30,760000,0.19
55360,Credi-Full S.A.,Empresas Crédito Rápido Alto Riesgo,Proveedores No Financieros de Credito,512000,512000,100.0,13,13,100.0,39385,0,0,,0,0,512000,100.0
10812,F.F. Y DE ADM REFINANCIAMIENTO DEUDORES AGROP PCIA DE RIO NEGRO,Empresas Crédito Rápido Alto Riesgo,Fideicomisos Financieros,117000,15354000,0.76,1,58,1.72,117000,0,3478000,0.0,0,7,117000,0.62
55320,POTSDAM S.A.,Compra de Carteras en Mora,Proveedores No Financieros de Credito,115000,115000,100.0,2,2,100.0,57500,0,0,,0,0,115000,100.0
55234,"1° de Julio Cooperativa de Vivienda, Crédito y Consumo Ltda",Empresas Crédito Rápido Alto Riesgo,Proveedores No Financieros de Credito,96000,96000,100.0,1,1,100.0,96000,0,0,,0,0,96000,100.0
00131,BANK OF CHINA LIMITED SUCURSAL BUENOS AIRES,Bancos Privados,Entidades Financieras - Bancos,0,0,,0,0,,,0,0,,0,0,0,
00165,"JPMORGAN CHASE BANK, NATIONAL ASSOCIATION (SUCURSAL BUENOS AIRES)",Bancos Privados,Entidades Financieras - Bancos,0,0,,0,0,,,0,42909543000,0.0,0,3,0,0.0
00266,BNP PARIBAS,Bancos Privados,Entidades Financieras - Bancos,0,0,,0,0,,,0,5278968000,0.0,0,1,0,0.0
00331,BANCO CETELEM ARGENTINA S.A.,Bancos Privados,Entidades Financieras - Bancos,0,0,,0,0,,,0,4770187000,0.0,0,4,0,0.0
00339,RCI BANQUE S.A.,Bancos Privados,Entidades Financieras - Bancos,0,0,,0,0,,,0,233482457000,0.0,0,73,0,0.0
