codigo_entidad,entidad,motivo
10494,F.F. Y DE ADM. CHACO-ACTIVOS FINANCIEROS,informa cartera y/o personas en cero
10500,F.F. Y DE ADM. LA RIOJA REFINANCIAMIENTO DEL SECTOR PROD.,informa cartera y/o personas en cero
10608,F.F. Y DE ADM FIDEICOMISO DEUDORES AGROP BNA ENTRE RIOS,informa cartera y/o personas en cero
40011,BELAT CROWDLENDING ARGENTINA,informa cartera y/o personas en cero
51015,"Fideicomiso Fondo de Garantías para el Desarrollo de las Micro, Pequeñ",informa cartera y/o personas en cero
51016,Fondo de Garantía Río Negro (FoGaRío),informa cartera y/o personas en cero
55042,"Plural Cooperativa de Crédito, Consumo y Vivienda Ltda.",informa cartera y/o personas en cero
55046,Schejter y Schejter S.A.,informa cartera y/o personas en cero
55094,Genesys S.A.,informa cartera y/o personas en cero
55192,G Y F Factoring S.A.,informa cartera y/o personas en cero
55333,El Nexo S.A.,informa cartera y/o personas en cero
55342,"Asistir Cooperativa de Vivienda, Credito, Consumo y Servicios Sociales",informa cartera y/o personas en cero
55375,COOP. DE CRED. CONS. Y VIV. MASELE LTDA,informa cartera y/o personas en cero
55414,INTERCAPITAL FACTORING S.A.,informa cartera y/o personas en cero
55435,PARABENS TRUST S.A.,informa cartera y/o personas en cero
55445,BLM DESARROLLOS SA,informa cartera y/o personas en cero
55464,MUTUAL DE INTEGRANTES DEL PODER JUDICIAL,informa cartera y/o personas en cero
55467,UQUIA S.R.L,informa cartera y/o personas en cero
55481,AGMA S.R.L,informa cartera y/o personas en cero
55485,G&T GESTIONES COMERCIALES S.A.,informa cartera y/o personas en cero
55502,ATYLIUM FINANCE GROUP SA,informa cartera y/o personas en cero
55506,CYFSA S.A.,informa cartera y/o personas en cero
55520,"Asociación Mutual Trabajadores del Hospital de Pediatria SAMIC ""Profes",informa cartera y/o personas en cero
55521,GRAY MATTER SRL,informa cartera y/o personas en cero
55566,SALOMON S.A. SOCIEDAD ANONIMA,informa cartera y/o personas en cero
55575,GRECO INVERSIONES SRL,informa cartera y/o personas en cero
55577,BLOQUES S.A.,informa cartera y/o personas en cero
55582,VERTIX S.A.,informa cartera y/o personas en cero
55588,SIMBA TRADING S.A.,informa cartera y/o personas en cero
70268,Asociación Mutual 20 de Julio,informa cartera y/o personas en cero
70806,EMPRENDER S.A.,informa cartera y/o personas en cero
72614,MUTUAL DE DOCENTES DE NEUQUEN,informa cartera y/o personas en cero
72638,Pago Virtual del Sur S.A.,informa cartera y/o personas en cero
72639,SILOHUB ARGENTINA S.A.S.,informa cartera y/o personas en cero
