codigo_entidad,entidad,categoria_comercial,regimen,pj_monto_cartera,motivo
00016,CITIBANK N.A.,Bancos Privados,Entidades Financieras - Bancos,1783300965000,sin cartera de personas humanas: opera solo con sociedades
00165,"JPMORGAN CHASE BANK, NATIONAL ASSOCIATION (SUCURSAL BUENOS AIRES)",Bancos Privados,Entidades Financieras - Bancos,40364352000,sin cartera de personas humanas: opera solo con sociedades
00266,BNP PARIBAS,Bancos Privados,Entidades Financieras - Bancos,5339497000,sin cartera de personas humanas: opera solo con sociedades
00331,BANCO CETELEM ARGENTINA S.A.,Bancos Privados,Entidades Financieras - Bancos,4742246000,sin cartera de personas humanas: opera solo con sociedades
00339,RCI BANQUE S.A.,Bancos Privados,Entidades Financieras - Bancos,146785488000,sin cartera de personas humanas: opera solo con sociedades
40011,BELAT CROWDLENDING ARGENTINA,Empresas Crédito Rápido Alto Riesgo,Plataformas P2P,1629754000,sin cartera de personas humanas: opera solo con sociedades
50003,AGROAVAL SGR,SGR y Fondos de Garantía,SGR,2099000,sin cartera de personas humanas: opera solo con sociedades
50015,INTEGRA PYMES SGR,SGR y Fondos de Garantía,SGR,1005204000,sin cartera de personas humanas: opera solo con sociedades
50017,PROMOVER SGR,SGR y Fondos de Garantía,SGR,1319420000,sin cartera de personas humanas: opera solo con sociedades
50024,AVAL FERTIL SGR,SGR y Fondos de Garantía,SGR,2483000,sin cartera de personas humanas: opera solo con sociedades
50040,MILLS SGR,SGR y Fondos de Garantía,SGR,2921551000,sin cartera de personas humanas: opera solo con sociedades
50044,Trend SGR,SGR y Fondos de Garantía,SGR,308536000,sin cartera de personas humanas: opera solo con sociedades
50048,Zofinger S.G.R.,SGR y Fondos de Garantía,SGR,211720000,sin cartera de personas humanas: opera solo con sociedades
51008,Fondo de Garantías Entre Ríos S.A.P.E.M. (FO.GA.ER. S.A.P.E.M.),SGR y Fondos de Garantía,Fondos de Garantia Publicos,10076000,sin cartera de personas humanas: opera solo con sociedades
51011,FONDO DE GARANTIA CFI,SGR y Fondos de Garantía,Fondos de Garantia Publicos,725907000,sin cartera de personas humanas: opera solo con sociedades
55185,"Cooperativa de Crédito, Consumo y Vvienda Fincredit Ltda",Empresas Crédito Rápido Alto Riesgo,Proveedores No Financieros de Credito,819245000,sin cartera de personas humanas: opera solo con sociedades
55208,GS Negocios S.A.,Empresas Crédito Rápido Alto Riesgo,Proveedores No Financieros de Credito,3566658000,sin cartera de personas humanas: opera solo con sociedades
55346,Number S.A.,Empresas Crédito Rápido Alto Riesgo,Proveedores No Financieros de Credito,4335173000,sin cartera de personas humanas: opera solo con sociedades
55429,POLO VALORES S.A.,Empresas Crédito Rápido Alto Riesgo,Proveedores No Financieros de Credito,1264399000,sin cartera de personas humanas: opera solo con sociedades
55445,BLM DESARROLLOS SA,Empresas Crédito Rápido Alto Riesgo,Proveedores No Financieros de Credito,211683000,sin cartera de personas humanas: opera solo con sociedades
55485,G&T GESTIONES COMERCIALES S.A.,Empresas Crédito Rápido Alto Riesgo,Proveedores No Financieros de Credito,136317000,sin cartera de personas humanas: opera solo con sociedades
55538,CORDOBA VALORES S.A.,Empresas Crédito Rápido Alto Riesgo,Proveedores No Financieros de Credito,75223000,sin cartera de personas humanas: opera solo con sociedades
55545,GZM SOLUCIONES S.A,Empresas Crédito Rápido Alto Riesgo,Proveedores No Financieros de Credito,562696000,sin cartera de personas humanas: opera solo con sociedades
