categoria,entidades,ph_monto_mora,ph_monto_cartera,ph_tasa_mora_monto_pct,ph_personas_mora,ph_personas_cartera,ph_tasa_mora_personas_pct,ph_credito_promedio_mora,pct_monto_sistema,pct_personas_sistema,pj_monto_mora,pj_tasa_mora_monto_pct
Banco Nación,1,1741329421000,20672893176000,8.42,400032,2397636,16.68,4352975,11.23,6.7,590433426000,3.91
Bancos Provinciales,16,2263995554000,17462632148000,12.96,609362,4587716,13.28,3715354,14.6,10.21,538881626000,4.61
Bancos Privados,41,5787247641000,40599475891000,14.25,2226972,12553347,17.74,2598707,37.31,37.32,1808693942000,2.98
Fintech y Billeteras,8,971961427000,4714630804000,20.62,2158086,9535424,22.63,450381,6.27,36.16,24159411000,9.9
Tarjetas de Crédito No Bancarias,13,1541589966000,5826932773000,26.46,1283674,4834343,26.55,1200920,9.94,21.51,8311000,0.16
Vendedores de Electrodomésticos y Retail,17,688196263000,1564849877000,43.98,574288,1700387,33.77,1198347,4.44,9.62,32493000,2.67
Empresas Crédito Rápido Alto Riesgo,340,1607113583000,3959345755000,40.59,2006795,4244592,47.28,800836,10.36,33.63,74176144000,8.85
Financieras de Marca / Prendarias,10,107901994000,2630604657000,4.1,10342,219492,4.71,10433378,0.7,0.17,40552557000,2.6
SGR y Fondos de Garantía,49,65236252000,79232896000,82.33,39168,40768,96.08,1665550,0.42,0.66,136125376000,85.92
Compra de Carteras en Mora,24,735178648000,735215239000,100.0,914815,914843,100.0,803636,4.74,15.33,12950101000,55.89
TOTAL - personas humanas,519,15509750749000,98245813216000,15.79,5967952,21181595,28.18,2598840,100.0,100.0,,
TOTAL - sociedades,,3226013387000,90359774069000,3.57,45836,285452,16.06,70381652,,,,
