categoria,entidades,ph_monto_mora,ph_monto_cartera,ph_tasa_mora_monto_pct,ph_personas_mora,ph_personas_cartera,ph_tasa_mora_personas_pct,ph_credito_promedio_mora,pj_monto_mora,pj_tasa_mora_monto_pct,pj_sociedades_mora
Banco Nación,1,1552668651000,19324074373000,8.03,377731,2379450,15.87,4110514,493014429000,3.38,2866
Bancos Provinciales,16,2065643069000,16978245409000,12.17,562640,4539717,12.39,3671341,460395282000,4.42,4196
Bancos Privados,42,5812499723000,40252446226000,14.44,1746147,9815292,17.79,3328757,1564311850000,2.71,35200
Fintech y Billeteras,8,892078481000,4422962115000,20.17,1779648,7900439,22.53,501267,19796968000,7.27,1363
Tarjetas de Crédito No Bancarias,14,1462027398000,5739181016000,25.47,1213144,4693923,25.84,1205156,9090000,0.21,3
Vendedores de Electrodomésticos y Retail,19,688627383000,1598355972000,43.08,556822,1684240,33.06,1236710,32921000,2.93,30
Empresas Crédito Rápido Alto Riesgo,324,1568176412000,3891969315000,40.29,1542466,3259394,47.32,1016668,73043711000,8.31,1757
Financieras de Marca / Prendarias,10,93961118000,2500495444000,3.76,9583,208166,4.6,9804979,38204342000,2.62,207
SGR y Fondos de Garantía,51,53524650000,68319298000,78.34,56334,58320,96.59,950130,107786682000,82.75,2490
Compra de Carteras en Mora,22,653204422000,653218960000,100.0,909272,909308,100.0,718382,8999652000,100.0,2956
TOTAL - personas humanas,507,14842411307000,95429268128000,15.55,5875113,20931957,28.07,2526319,,,
TOTAL - sociedades,,2765594927000,85467413648000,3.24,43271,285144,15.18,63913358,,,
