codigo_entidad,entidad,categoria_comercial,regimen,jun_tasa_mora_pct,jul_tasa_mora_pct,ago_tasa_mora_pct,delta_jun_ago_pp,jun_monto_mora,jul_monto_mora,ago_monto_mora,jun_personas_mora,jul_personas_mora,ago_personas_mora,ago_monto_cartera
00011,BANCO DE LA NACION ARGENTINA,Banco Nación,Entidades Financieras - Bancos,8.03,8.15,8.42,0.39,1552668651000,1631031343000,1741329421000,377731,386573,400032,20672893176000
00007,BANCO DE GALICIA Y BUENOS AIRES S.A.,Bancos Privados,Entidades Financieras - Bancos,17.69,18.17,17.28,-0.41,1723491671000,1765523135000,1674215021000,513484,522589,538722,9688743799000
00072,BANCO SANTANDER ARGENTINA S.A.,Bancos Privados,Entidades Financieras - Bancos,17.02,17.32,16.91,-0.11,1416440227000,1424813484000,1389875896000,222374,231152,238213,8220780572000
70408,TARJETA NARANJA S.A.U.,Tarjetas de Crédito No Bancarias,Proveedores No Financieros de Credito,24.46,25.06,25.24,0.78,1254793711000,1289600049000,1313898704000,1036255,1050688,1056609,5205882432000
00014,BANCO DE LA PROVINCIA DE BUENOS AIRES,Bancos Provinciales,Entidades Financieras - Bancos,16.07,16.34,17.09,1.02,1131654580000,1161965174000,1234983360000,282970,289578,302821,7226389661000
00017,BANCO BBVA ARGENTINA S.A.,Bancos Privados,Entidades Financieras - Bancos,13.61,13.76,12.84,-0.77,846099896000,858236352000,809218930000,448378,455274,471888,6299885855000
00285,BANCO MACRO S.A.,Bancos Privados,Entidades Financieras - Bancos,8.58,8.51,8.88,0.3,558525572000,557852030000,598314758000,240105,243263,255732,6735081366000
72634,MERCADOLIBRE S.R.L.,Fintech y Billeteras,Proveedores No Financieros de Credito,17.76,18.16,18.27,0.51,508181614000,535459655000,579142940000,1111474,1142811,1202413,3170626524000
00015,INDUSTRIAL AND COMMERCIAL BANK OF CHINA (ARGENTINA) S.A.U.,Bancos Privados,Entidades Financieras - Bancos,12.2,12.61,12.7,0.5,297462206000,307129228000,318484838000,76484,79918,70875,2508102038000
55012,CFN SRL,Empresas Crédito Rápido Alto Riesgo,Proveedores No Financieros de Credito,55.85,55.98,56.89,1.04,289063279000,281357030000,282138137000,183073,176383,176965,495897619000
00020,BANCO DE LA PROVINCIA DE CORDOBA S.A.,Bancos Provinciales,Entidades Financieras - Bancos,10.71,11.05,10.42,-0.29,280163970000,292509278000,277504510000,69326,71830,72596,2663102973000
45030,NARANJA DIGITAL COMPAÑÍA FINANCIERA S.A.U.,Fintech y Billeteras,Entidades Financieras - Companias Financieras,19.88,21.73,22.48,2.6,230679675000,244158186000,254402110000,707921,727255,744974,1131803536000
55027,ELECTRONICA MEGATONE SRL,Vendedores de Electrodomésticos y Retail,Proveedores No Financieros de Credito,56.34,59.55,61.24,4.9,193550475000,210301812000,221823130000,133652,139745,142101,362212921000
00332,BANCO DE SERVICIOS FINANCIEROS CARREFOUR SAU,Bancos Privados,Entidades Financieras - Bancos,49.94,50.18,50.11,0.17,212651058000,210185818000,212813913000,224760,223599,216839,424689091000
55024,CREDICUOTAS CONSUMO S.A.,Empresas Crédito Rápido Alto Riesgo,Proveedores No Financieros de Credito,40.54,41.8,42.46,1.92,192738743000,201047114000,206737053000,142800,144723,146883,486946175000
10692,F.F. PRIVADO FRANKEL,Compra de Carteras en Mora,Fideicomisos Financieros,100.0,100.0,100.0,0.0,112395110000,111404651000,197430974000,112276,110840,109250,197430974000
10914,RECUPERO DE ACTIVOS FIDEICOMISO FINANCIERO,Compra de Carteras en Mora,Fideicomisos Financieros,100.0,100.0,100.0,0.0,166450845000,169240678000,168299573000,297033,309173,306391,168299573000
70147,CENCOSUD S.A.,Vendedores de Electrodomésticos y Retail,Proveedores No Financieros de Credito,28.9,29.72,30.13,1.23,137742446000,143035910000,148921898000,105419,108644,112382,494276432000
00027,BANCO SUPERVIELLE S.A.,Bancos Privados,Entidades Financieras - Bancos,10.08,9.64,9.64,-0.44,157026160000,148600375000,148280571000,64870,67008,63367,1538414685000
00029,BANCO DE LA CIUDAD DE BUENOS AIRES,Bancos Provinciales,Entidades Financieras - Bancos,6.69,6.77,6.67,-0.02,138695911000,142313699000,143618697000,30148,31177,32370,2154773175000
10303,F.F PRIVADO YATASTO,Compra de Carteras en Mora,Fideicomisos Financieros,100.0,100.0,100.0,0.0,134031919000,133428207000,131971785000,69755,68885,62052,131971785000
00034,BANCO PATAGONIA S.A.,Bancos Privados,Entidades Financieras - Bancos,10.34,10.76,10.81,0.47,123459878000,126481417000,129637220000,57285,59824,63219,1199088024000
00330,NUEVO BANCO DE SANTA FE SOCIEDAD ANONIMA,Bancos Provinciales,Entidades Financieras - Bancos,7.82,8.58,10.58,2.76,92095561000,101293308000,125539581000,27506,29805,37698,1186662484000
55370,CREDIL S.R.L.,Empresas Crédito Rápido Alto Riesgo,Proveedores No Financieros de Credito,65.84,65.84,64.8,-1.04,117845930000,117844450000,123174331000,186594,186592,184279,190091168000
55296,SANTANDER CONSUMER SA,Empresas Crédito Rápido Alto Riesgo,Proveedores No Financieros de Credito,52.35,55.22,55.22,2.87,110931961000,116406794000,116406794000,130509,137762,137762,210818614000
55449,FIDEICOMISO PRIVADO DE ADMINISTRACION CENFIDE,Compra de Carteras en Mora,Proveedores No Financieros de Credito,100.0,100.0,100.0,0.0,99368339000,104163873000,107827251000,164467,169367,171930,107827251000
00044,BANCO HIPOTECARIO S.A.,Bancos Privados,Entidades Financieras - Bancos,15.17,15.21,14.16,-1.01,106539027000,105720084000,98519379000,35426,36320,37538,696002161000
00191,BANCO CREDICOOP COOPERATIVO LIMITADO,Bancos Privados,Entidades Financieras - Bancos,9.18,9.63,10.07,0.89,86224215000,90521284000,96629799000,43797,44677,45582,959586139000
72306,VALLE FERTIL S.A.,Empresas Crédito Rápido Alto Riesgo,Proveedores No Financieros de Credito,54.61,54.61,56.78,2.17,89353746000,89353746000,93299642000,74809,74809,68543,164309263000
55041,Naldo Lombardi S.A.,Vendedores de Electrodomésticos y Retail,Proveedores No Financieros de Credito,29.94,29.94,30.28,0.34,82584888000,82584888000,84479527000,93280,93280,95079,278967911000
55514,CARTASUR CARDS S.A.U,Tarjetas de Crédito No Bancarias,Proveedores No Financieros de Credito,54.99,58.81,59.38,4.39,75105146000,80243000000,82661514000,76076,77463,78203,139205184000
00389,BANCO COLUMBIA S.A.,Bancos Privados,Entidades Financieras - Bancos,30.47,30.69,29.53,-0.94,85045999000,84104889000,79280882000,54867,52839,49890,268467150000
55011,Cetrogar S.A.,Vendedores de Electrodomésticos y Retail,Proveedores No Financieros de Credito,52.66,54.13,54.8,2.14,64030932000,75657309000,78940667000,58562,66635,68417,144054137000
55294,CREDITECH SA,Empresas Crédito Rápido Alto Riesgo,Proveedores No Financieros de Credito,43.67,44.95,46.28,2.61,64059572000,67407784000,71218475000,34200,35611,37339,153894533000
00097,BANCO PROVINCIA DEL NEUQUÉN SOCIEDAD ANÓNIMA,Bancos Provinciales,Entidades Financieras - Bancos,11.93,11.86,11.17,-0.76,70186959000,71486558000,69785432000,19924,19821,18547,624754990000
55054,Crédito Directo S.A.,Empresas Crédito Rápido Alto Riesgo,Proveedores No Financieros de Credito,42.77,43.51,43.82,1.05,62733786000,65701086000,68297765000,55381,57406,59101,155849193000
00311,NUEVO BANCO DEL CHACO S. A.,Bancos Provinciales,Entidades Financieras - Bancos,10.38,11.09,11.65,1.27,57024478000,58458206000,67377207000,28776,29532,31081,578371502000
55030,Fravega S.A.C.I. e I.,Vendedores de Electrodomésticos y Retail,Proveedores No Financieros de Credito,57.52,59.9,59.05,1.53,61478683000,62092187000,61671309000,47573,48012,47677,104439361000
70224,TARJETAS DEL MAR S.A.,Tarjetas de Crédito No Bancarias,Proveedores No Financieros de Credito,29.98,31.6,32.46,2.48,50633276000,52965377000,55324423000,51085,52674,54256,170421055000
55166,Waynicoin S.A.,Fintech y Billeteras,Proveedores No Financieros de Credito,75.61,78.41,78.4,2.79,50386438000,53932173000,53927204000,43275,45907,45900,68782183000
00321,BANCO DE SANTIAGO DEL ESTERO S.A.,Bancos Provinciales,Entidades Financieras - Bancos,13.08,13.26,13.47,0.39,49813959000,51318511000,53682910000,35667,32438,33046,398631748000
55015,Coppel S.A.,Vendedores de Electrodomésticos y Retail,Proveedores No Financieros de Credito,71.31,,71.31,0.0,53285244000,,53285244000,30779,,30779,74718584000
00310,BANCO DEL SOL S.A.,Bancos Privados,Entidades Financieras - Bancos,11.6,12.28,12.62,1.02,44568360000,47995157000,51180424000,24479,26027,26861,405554803000
00386,NUEVO BANCO DE ENTRE RÍOS S.A.,Bancos Privados,Entidades Financieras - Bancos,6.89,8.07,9.06,2.17,36970269000,43481104000,49765675000,9155,10367,12772,549129471000
00094,BANCO DE CORRIENTES S.A.,Bancos Provinciales,Entidades Financieras - Bancos,13.24,13.47,14.15,0.91,43664000000,45102012000,49374846000,14254,14337,14967,348875846000
00083,BANCO DEL CHUBUT S.A.,Bancos Provinciales,Entidades Financieras - Bancos,9.17,9.93,10.23,1.06,39929575000,43666123000,45649684000,8105,8634,8910,446234113000
00086,BANCO DE SANTA CRUZ S.A.,Bancos Provinciales,Entidades Financieras - Bancos,10.46,13.72,14.3,3.84,32687199000,43151410000,45277984000,4380,5168,5353,316617939000
00093,BANCO DE LA PAMPA SA,Bancos Provinciales,Entidades Financieras - Bancos,7.67,7.64,7.81,0.14,38271613000,39584683000,41608713000,14035,14311,14600,532766845000
55454,BIA SRL,Compra de Carteras en Mora,Proveedores No Financieros de Credito,100.0,100.0,100.0,0.0,30060314000,30060314000,39376316000,56741,56741,66746,39376316000
55340,FINANPRO S.R.L.,Empresas Crédito Rápido Alto Riesgo,Proveedores No Financieros de Credito,64.78,65.69,65.69,0.91,33894039000,34721848000,34721848000,28994,29515,29515,52858724000
10924,CREDITIA FIDEICOMISO FINANCIERO,Compra de Carteras en Mora,Fideicomisos Financieros,100.0,100.0,100.0,0.0,35142259000,34839485000,34484721000,109929,109122,108210,34484721000
55091,CREDIAR S.A.,Empresas Crédito Rápido Alto Riesgo,Proveedores No Financieros de Credito,73.73,75.32,76.08,2.35,29588651000,31251927000,32728849000,17173,17366,17471,43017917000
00045,BANCO DE SAN JUAN S.A.,Bancos Provinciales,Entidades Financieras - Bancos,10.74,13.12,15.05,4.31,23231309000,27417310000,31957331000,6166,6812,8075,212362164000
55282,MINS LFE SAS,Empresas Crédito Rápido Alto Riesgo,Proveedores No Financieros de Credito,90.95,91.41,91.75,0.8,31745279000,32009329000,31906405000,45033,45361,44258,34776384000
45056,MONTEMAR COMPAÑIA FINANCIERA S.A.,Tarjetas de Crédito No Bancarias,Entidades Financieras - Companias Financieras,26.89,29.0,29.0,2.11,27979086000,31480663000,31479563000,10492,10959,10958,108533930000
00299,BANCO COMAFI SOCIEDAD ANONIMA,Bancos Privados,Entidades Financieras - Bancos,11.54,12.72,13.57,2.03,26270781000,29114719000,31453480000,6837,7297,7862,231832428000
55085,Moni Online S.A.,Fintech y Billeteras,Proveedores No Financieros de Credito,54.45,59.66,60.68,6.23,27186799000,29877215000,31135782000,57579,61778,63546,51310803000
00384,UALA BANK S.A.U.,Fintech y Billeteras,Entidades Financieras - Bancos,22.53,20.44,12.6,-9.93,53414363000,48389615000,30259147000,61463,60234,63443,240195534000
55341,PROAVALAR S.R.L,Empresas Crédito Rápido Alto Riesgo,Proveedores No Financieros de Credito,77.09,77.89,77.88,0.79,26091796000,26782962000,26776921000,33146,33722,33721,34380337000
44096,JOHN DEERE CREDIT COMPAÑÍA FINANCIERA S.A.,Financieras de Marca / Prendarias,Entidades Financieras - Companias Financieras,6.96,6.75,7.74,0.78,24332931000,23218408000,26731847000,108,103,104,345159355000
51001,FONDO DE GARANTÍAS BUENOS AIRES SAPEM (FOGABA SAPEM),SGR y Fondos de Garantía,Fondos de Garantia Publicos,62.9,66.56,72.32,9.42,18608553000,22290144000,26449113000,2247,2584,2882,36571549000
00309,BANCO RIOJA SOCIEDAD ANONIMA UNIPERSONAL,Bancos Provinciales,Entidades Financieras - Bancos,17.73,17.73,19.82,2.09,20748610000,20748610000,23527833000,7973,7973,8780,118706059000
55107,ARGENCRED S.A.,Empresas Crédito Rápido Alto Riesgo,Proveedores No Financieros de Credito,56.74,60.82,60.82,4.08,20189005000,22384768000,22384768000,52211,55628,55628,36806512000
00268,BANCO PROVINCIA DE TIERRA DEL FUEGO,Bancos Provinciales,Entidades Financieras - Bancos,9.67,10.67,11.14,1.47,18602266000,20667111000,21978888000,3756,3988,4199,197349218000
55109,"Credikot COOPERATIVA DE VIVIENDA, CRÉDITO Y CONSUMO  LTDA",Empresas Crédito Rápido Alto Riesgo,Proveedores No Financieros de Credito,74.92,74.92,76.44,1.52,19892261000,19892261000,21480933000,50148,50148,52246,28100254000
55339,MAEBA S.R.L.,Empresas Crédito Rápido Alto Riesgo,Proveedores No Financieros de Credito,65.41,66.83,66.83,1.42,20902382000,21361522000,21361522000,19980,20321,20321,31962324000
55105,Ceibo Créditos S.A.,Empresas Crédito Rápido Alto Riesgo,Proveedores No Financieros de Credito,42.99,39.8,46.91,3.92,19380888000,19053003000,19907024000,9010,8751,9118,42432548000
55298,ESPACIO DIGITAL S.A,Empresas Crédito Rápido Alto Riesgo,Proveedores No Financieros de Credito,66.26,66.26,66.41,0.15,18341058000,18341058000,19408226000,38270,38270,39231,29223051000
70248,FAVACARD S.A,Tarjetas de Crédito No Bancarias,Proveedores No Financieros de Credito,27.88,28.68,28.46,0.58,18326274000,18678003000,19066254000,30692,30762,30819,66992226000
00143,BRUBANK S.A.U.,Bancos Privados,Entidades Financieras - Bancos,23.0,23.03,21.13,-1.87,19154021000,19197516000,17433267000,17265,17320,18153,82495032000
10903,FF PRIVADO GESTIÓN DE ACTIVOS IV,Compra de Carteras en Mora,Fideicomisos Financieros,99.99,100.0,100.0,0.01,17446490000,17418985000,17384467000,25912,25742,25596,17384683000
44092,FCA COMPAÑIA FINANCIERA S.A.,Financieras de Marca / Prendarias,Entidades Financieras - Companias Financieras,3.64,3.49,3.69,0.05,14501884000,14836599000,16631202000,1631,1650,1195,450404036000
55507,FINANZAS DIGITALES SAS,Empresas Crédito Rápido Alto Riesgo,Proveedores No Financieros de Credito,44.16,50.1,52.64,8.48,11291922000,14133935000,16443409000,137420,161689,180236,31234588000
55405,Oneri Bilancio S.A.,Empresas Crédito Rápido Alto Riesgo,Proveedores No Financieros de Credito,96.55,93.39,96.9,0.35,14319195000,6376694000,16332735000,17223,17045,17751,16856017000
00322,BANCO INDUSTRIAL S.A.,Bancos Privados,Entidades Financieras - Bancos,7.44,7.77,8.2,0.76,13186744000,15343075000,16303445000,33022,39278,45306,198835898000
00277,BANCO SAENZ S.A.,Bancos Privados,Entidades Financieras - Bancos,47.99,50.11,51.18,3.19,17226907000,16871141000,16283998000,18192,18606,18902,31818454000
55028,Favanet S.A.,Empresas Crédito Rápido Alto Riesgo,Proveedores No Financieros de Credito,43.65,43.37,43.83,0.18,15509239000,15834217000,16254030000,16152,16325,16404,37082289000
55495,SOCIEDAD DE CREDITO SA,Compra de Carteras en Mora,Proveedores No Financieros de Credito,100.0,100.0,100.0,0.0,15813881000,15813881000,16206578000,26011,26011,26549,16206578000
00065,BANCO MUNICIPAL DE ROSARIO,Bancos Provinciales,Entidades Financieras - Bancos,6.26,6.05,6.99,0.73,14055557000,13816606000,16200054000,7900,7610,8398,231805663000
55009,Carsa S.A.,Vendedores de Electrodomésticos y Retail,Proveedores No Financieros de Credito,55.56,59.37,63.51,7.95,14982507000,15465091000,15967337000,29761,30033,30347,25141688000
00315,BANCO DE FORMOSA S.A.,Bancos Provinciales,Entidades Financieras - Bancos,6.64,6.8,7.07,0.43,14817522000,15111154000,15928524000,7683,7764,7921,225227768000
55142,Emprendimiento La Luisina SRL,Empresas Crédito Rápido Alto Riesgo,Proveedores No Financieros de Credito,48.28,50.07,50.8,2.52,13383396000,14345018000,15438071000,28660,29612,30655,30392207000
55388,CREDLAP S.A.,Empresas Crédito Rápido Alto Riesgo,Proveedores No Financieros de Credito,96.6,96.86,97.56,0.96,14790178000,14889960000,15091798000,8941,9035,9108,15469218000
44093,GPAT COMPAÑIA FINANCIERA S.A.U.,Financieras de Marca / Prendarias,Entidades Financieras - Companias Financieras,3.35,3.78,3.56,0.21,12372162000,14619499000,14493424000,4068,4359,4548,406588057000
44098,PSA FINANCE ARGENTINA COMPAÑÍA FINANCIERA S.A.,Financieras de Marca / Prendarias,Entidades Financieras - Companias Financieras,3.38,3.59,3.91,0.53,11963344000,13036694000,14285997000,1578,1709,1877,365771268000
00301,BANCO PIANO S.A.,Bancos Privados,Entidades Financieras - Bancos,10.35,10.4,10.46,0.11,12998743000,13457414000,14008847000,13563,12702,12894,133903244000
50014,GARANTIZAR SGR,SGR y Fondos de Garantía,SGR,80.03,81.42,84.63,4.6,10639498000,12027578000,13537951000,1297,1450,1595,15996531000
70101,AMERICAN EXPRESS ARGENTINA S.A.,Empresas Crédito Rápido Alto Riesgo,Proveedores No Financieros de Credito,4.69,4.68,4.67,-0.02,12498284000,13489517000,13479258000,5448,5607,5599,288405740000
44095,ROMBO COMPAÑÍA FINANCIERA S.A.,Financieras de Marca / Prendarias,Entidades Financieras - Companias Financieras,2.98,3.31,3.71,0.73,10812354000,11892832000,13148559000,1231,1338,1457,353994787000
55025,Cuotitas S.A.,Empresas Crédito Rápido Alto Riesgo,Proveedores No Financieros de Credito,64.54,64.54,64.99,0.45,12754564000,12754564000,12809259000,10817,10817,10835,19710216000
70212,CREDI-PAZ S.A.,Empresas Crédito Rápido Alto Riesgo,Proveedores No Financieros de Credito,60.92,60.92,64.86,3.94,11707141000,11707141000,12265792000,11238,11238,11724,18910928000
55400,MICRO SISTEMAS S. A.,Empresas Crédito Rápido Alto Riesgo,Proveedores No Financieros de Credito,33.43,32.05,29.39,-4.04,10165116000,11334633000,12080536000,47420,49437,51784,41110805000
55312,ABAN DIGITAL S.A.,Fintech y Billeteras,Proveedores No Financieros de Credito,88.1,88.1,89.79,1.69,11015966000,11015966000,12032716000,19301,19301,20214,13400458000
70228,SANTA MONICA S.A.,Empresas Crédito Rápido Alto Riesgo,Proveedores No Financieros de Credito,38.01,38.94,38.94,0.93,11566756000,11934519000,11933108000,16151,16120,16116,30644920000
55008,Asociación Mutual Unión Solidaria,Empresas Crédito Rápido Alto Riesgo,Proveedores No Financieros de Credito,31.61,32.87,32.88,1.27,10481940000,11881474000,11881474000,6971,7571,7571,36134814000
55317,BARSATEX S.A.,Empresas Crédito Rápido Alto Riesgo,Proveedores No Financieros de Credito,87.91,88.15,87.85,-0.06,10477779000,11074975000,11739065000,44920,45838,47396,13362874000
00426,BANCO BICA S.A.,Bancos Privados,Entidades Financieras - Bancos,8.67,9.07,9.9,1.23,8572144000,9893843000,11464403000,8245,9085,9806,115797192000
55213,Multiplycard S.A.,Tarjetas de Crédito No Bancarias,Proveedores No Financieros de Credito,51.75,51.75,53.7,1.95,9905079000,9905079000,11251063000,18307,18307,19106,20950199000
45072,REBA COMPAÑIA FINANCIERA S.A.,Fintech y Billeteras,Entidades Financieras - Companias Financieras,32.69,30.95,28.61,-4.08,11156231000,11061123000,10999639000,18384,18656,17127,38446972000
51003,FONDO DE GARANTÍAS ARGENTINO,SGR y Fondos de Garantía,Fondos de Garantia Publicos,99.62,99.62,99.92,0.3,12180301000,12180301000,10484096000,51919,51919,33389,10491987000
10922,Maipú Fideicomiso Financiero,Compra de Carteras en Mora,Fideicomisos Financieros,100.0,100.0,100.0,0.0,7614300000,7613471000,10043590000,11275,11273,14785,10043590000
55466,AXXIA LENDING S.A.,Compra de Carteras en Mora,Proveedores No Financieros de Credito,100.0,100.0,100.0,0.0,10037813000,9972905000,9915118000,10963,10783,10625,9915118000
71402,CENTRO CARD S.A.,Tarjetas de Crédito No Bancarias,Proveedores No Financieros de Credito,33.82,33.82,37.63,3.81,9062237000,9062237000,9863590000,13831,13831,14519,26211216000
72303,CREDIMAS S.A.,Empresas Crédito Rápido Alto Riesgo,Proveedores No Financieros de Credito,63.79,65.16,66.73,2.94,7695426000,8466207000,8782990000,10149,10686,10830,13161740000
55023,Credifácil S.A.F. y M.,Empresas Crédito Rápido Alto Riesgo,Proveedores No Financieros de Credito,93.14,93.03,92.63,-0.51,7004307000,7323947000,7626382000,29263,29651,30005,8232925000
55242,MG-Group S.A.,Empresas Crédito Rápido Alto Riesgo,Proveedores No Financieros de Credito,29.65,28.78,28.78,-0.87,6420849000,7520635000,7520635000,2889,3150,3150,26130097000
00312,BANCO VOII S.A.,Bancos Privados,Entidades Financieras - Bancos,7.9,7.52,8.69,0.79,6172213000,6159638000,7393376000,4442,4403,5003,85109957000
44094,MERCEDES-BENZ COMPAÑÍA FINANCIERA ARGENTINA S.A.,Financieras de Marca / Prendarias,Entidades Financieras - Companias Financieras,12.4,12.83,12.86,0.46,6480830000,6741132000,6990711000,51,51,53,54339610000
71801,DATA 2000 S.A.,Empresas Crédito Rápido Alto Riesgo,Proveedores No Financieros de Credito,28.23,29.35,29.35,1.12,6764319000,6835582000,6835582000,16146,15913,15913,23286892000
55052,Asociación Mututal 18 de Julio,Empresas Crédito Rápido Alto Riesgo,Proveedores No Financieros de Credito,10.79,10.78,10.78,-0.01,6437803000,6718746000,6718746000,1502,1550,1550,62322950000
55013,Cierto Argentina S.A.,Empresas Crédito Rápido Alto Riesgo,Proveedores No Financieros de Credito,33.18,35.54,36.99,3.81,5822221000,6225892000,6600360000,7847,7887,7904,17843636000
55574,"Cooperativa de Vivienda, Crédito y Consumo Finadi Limitada",Empresas Crédito Rápido Alto Riesgo,Proveedores No Financieros de Credito,48.34,51.29,51.29,2.95,5712096000,6446375000,6446375000,20462,21620,21620,12567503000
72308,CASTILLO S.A.C.I.F.I.A.,Vendedores de Electrodomésticos y Retail,Proveedores No Financieros de Credito,29.38,,34.94,5.56,5359463000,,6321544000,11381,,12241,18091354000
55244,MUTUAL DEL AGRO LA INDUSTRIA Y EL COMERCIO DE SANTA FE,Empresas Crédito Rápido Alto Riesgo,Proveedores No Financieros de Credito,23.72,22.2,22.2,-1.52,6654555000,6259769000,6259769000,4958,4471,4471,28192331000
70210,ITALCRED S.A.,Tarjetas de Crédito No Bancarias,Proveedores No Financieros de Credito,99.1,99.41,99.22,0.12,5294565000,5715612000,6093931000,2985,3003,3005,6141739000
55017,"Cooperativa de Crédito, Consumo y Servicios Sociales La Plata Ltda.",Empresas Crédito Rápido Alto Riesgo,Proveedores No Financieros de Credito,16.09,15.99,16.21,0.12,5092018000,5420537000,6023075000,6957,7555,8073,37155549000
44088,VOLKSWAGEN FINANCIAL SERVICES COMPAÑIA FINANCIERA S.A.,Financieras de Marca / Prendarias,Entidades Financieras - Companias Financieras,1.28,1.28,1.55,0.27,4523317000,4632141000,5739210000,599,604,707,369505575000
70903,Única compañía de Crédito S.A.,Empresas Crédito Rápido Alto Riesgo,Proveedores No Financieros de Credito,60.89,60.89,66.14,5.25,5265705000,5265705000,5559863000,6584,6584,6869,8406613000
55068,Hendel Hogar S.A.,Vendedores de Electrodomésticos y Retail,Proveedores No Financieros de Credito,41.09,43.27,45.37,4.28,4986480000,5228738000,5455118000,10815,11010,11203,12023931000
70239,FERTIL FINANZAS S.A.,Empresas Crédito Rápido Alto Riesgo,Proveedores No Financieros de Credito,37.66,39.2,38.91,1.25,4917685000,5092971000,5282060000,11058,11208,11374,13576470000
44099,TOYOTA COMPAÑÍA FINANCIERA DE ARGENTINA S.A.,Financieras de Marca / Prendarias,Entidades Financieras - Companias Financieras,2.88,2.85,2.97,0.09,4500447000,4649411000,5274537000,326,345,376,177462612000
70234,NUEVA CARD S.A.,Tarjetas de Crédito No Bancarias,Proveedores No Financieros de Credito,7.18,7.43,7.74,0.56,4667717000,4826231000,5030854000,6739,6835,6969,65020104000
44077,COMPAÑIA FINANCIERA ARGENTINA S.A.,Empresas Crédito Rápido Alto Riesgo,Entidades Financieras - Companias Financieras,80.23,82.26,84.28,4.05,5245952000,5147546000,4970223000,55546,54877,54418,5897479000
00300,BANCO DE INVERSION Y COMERCIO EXTERIOR S.A.,Bancos Privados,Entidades Financieras - Bancos,28.72,26.87,27.74,-0.98,4669075000,4486069000,4940551000,105,102,102,17808225000
55136,Vento Capital S.A.,Empresas Crédito Rápido Alto Riesgo,Proveedores No Financieros de Credito,53.71,59.88,58.16,4.45,4372006000,4565273000,4817333000,5010,5161,5335,8283568000
55412,Delivery Hero Financial Services SA,Empresas Crédito Rápido Alto Riesgo,Proveedores No Financieros de Credito,12.82,12.83,18.03,5.21,2999558000,3260984000,4743799000,3630,3877,5342,26315005000
70603,COOP SERV ADM VTAS CRED Y CRED GUIA LTDA,Empresas Crédito Rápido Alto Riesgo,Proveedores No Financieros de Credito,24.82,24.84,24.73,-0.09,4529157000,4650160000,4738943000,3893,3926,3922,19161884000
55543,VISIR SA,Empresas Crédito Rápido Alto Riesgo,Proveedores No Financieros de Credito,23.84,,23.22,-0.62,4007600000,,4682110000,2116,,2428,20166722000
72307,CAJA POPULAR DE AHORROS PCIA DE TUCUMAN,Empresas Crédito Rápido Alto Riesgo,Proveedores No Financieros de Credito,57.22,64.14,64.14,6.92,4058666000,4517096000,4517096000,2609,2827,2827,7042450000
55152,Asociación Mutual de protección Familiar,Empresas Crédito Rápido Alto Riesgo,Proveedores No Financieros de Credito,43.35,40.66,40.66,-2.69,3592158000,4501014000,4501014000,6449,6923,6923,11069514000
55424,SOLUCIONES FINANCORP SA,Empresas Crédito Rápido Alto Riesgo,Proveedores No Financieros de Credito,78.36,77.41,76.64,-1.72,2699257000,2778354000,4368172000,16930,17133,16857,5699525000
72304,TARJETA TITANIO S.A.,Tarjetas de Crédito No Bancarias,Proveedores No Financieros de Credito,41.9,45.43,46.23,4.33,3827276000,4188572000,4310913000,6276,6587,6682,9324817000
55381,CREDIGOL S.A.,Empresas Crédito Rápido Alto Riesgo,Proveedores No Financieros de Credito,53.16,53.17,46.78,-6.38,4353615000,4579494000,4241793000,3584,3695,3622,9067073000
70805,DILFER S.A.,Vendedores de Electrodomésticos y Retail,Proveedores No Financieros de Credito,28.29,30.03,31.87,3.58,3743272000,3966825000,4191760000,9285,9554,9732,13152229000
50039,FINTECH SGR,SGR y Fondos de Garantía,SGR,96.93,91.72,99.15,2.22,2653609000,3234031000,3916347000,133,136,161,3949873000
55505,Cash Market SA,Empresas Crédito Rápido Alto Riesgo,Proveedores No Financieros de Credito,72.69,73.27,73.67,0.98,3525027000,3659688000,3808932000,16150,16317,16522,5170606000
72104,MUTUAL SOCIOS ASOC MEDIC ROSARIO,Empresas Crédito Rápido Alto Riesgo,Proveedores No Financieros de Credito,2.99,3.6,3.69,0.7,2757604000,3383357000,3561926000,387,453,468,96452479000
72131,Asociación Mutual del Personal Jerárquico de Bancos Oficiales Nacional,Empresas Crédito Rápido Alto Riesgo,Proveedores No Financieros de Credito,29.25,30.6,29.95,0.7,3184004000,3304940000,3408830000,4241,4296,4368,11382089000
71202,EMPRESUR S.A.,Empresas Crédito Rápido Alto Riesgo,Proveedores No Financieros de Credito,42.69,42.69,48.53,5.84,3120240000,3120240000,3275485000,2497,2497,2586,6750032000
70142,ALARFIN S.A.,Empresas Crédito Rápido Alto Riesgo,Proveedores No Financieros de Credito,9.8,9.8,11.95,2.15,2740254000,2740254000,3255683000,530,530,586,27245717000
55149,INDO S.A.,Empresas Crédito Rápido Alto Riesgo,Proveedores No Financieros de Credito,23.84,23.84,23.65,-0.19,3092737000,3092737000,3223789000,13071,13071,13389,13632293000
00431,BANCO COINAG S.A.,Bancos Privados,Entidades Financieras - Bancos,5.17,5.17,5.51,0.34,2560110000,2667275000,2956127000,1524,1554,1628,53616110000
55060,"Gran Cooperativa de Crédito, Vivienda, Consumo y Servicios Sociales Li",Empresas Crédito Rápido Alto Riesgo,Proveedores No Financieros de Credito,24.19,23.75,28.34,4.15,2677947000,3219403000,2925164000,3663,4089,3827,10322611000
70803,SISTEMA DE CREDITO DE ENTRE RIOS S.A.,Empresas Crédito Rápido Alto Riesgo,Proveedores No Financieros de Credito,12.42,13.93,13.34,0.92,2689661000,2797170000,2907024000,2588,2599,2631,21786248000
55620,Financie Rápido S.A.,Empresas Crédito Rápido Alto Riesgo,Proveedores No Financieros de Credito,,,57.58,,,,2881066000,,,17894,5003891000
55083,AGL CAPITAL S.A.,Empresas Crédito Rápido Alto Riesgo,Proveedores No Financieros de Credito,35.29,34.4,39.02,3.73,2312278000,2371502000,2810088000,1214,1232,1244,7200771000
55329,ALAU TECNOLOGIA S. A. U.,Empresas Crédito Rápido Alto Riesgo,Proveedores No Financieros de Credito,81.63,90.37,96.13,14.5,2634910000,2680489000,2716313000,10663,10623,10678,2825795000
55563,Asociación Mutual Obras Públicas de la Nación,Empresas Crédito Rápido Alto Riesgo,Proveedores No Financieros de Credito,,,91.71,,,,2651477000,,,5700,2891282000
00340,BACS BANCO DE CREDITO Y SECURITIZACION S.A.,Bancos Privados,Entidades Financieras - Bancos,5.91,6.0,6.99,1.08,2257093000,2188458000,2560607000,2370,2357,2567,36657231000
55403,FACILCRED S.A.,Empresas Crédito Rápido Alto Riesgo,Proveedores No Financieros de Credito,36.17,,40.14,3.97,2226178000,,2554825000,8768,,9376,6365537000
55408,SCANIA CREDIT ARGENTINA S.A.U.,Financieras de Marca / Prendarias,Proveedores No Financieros de Credito,4.97,4.98,4.98,0.01,2283334000,2438603000,2438603000,8,9,9,48981173000
50004,ARGENPYMES SGR,SGR y Fondos de Garantía,SGR,86.68,90.26,89.43,2.75,1837138000,2073355000,2361625000,214,224,241,2640775000
55034,Hogar Total S.A.,Vendedores de Electrodomésticos y Retail,Proveedores No Financieros de Credito,17.52,17.86,18.13,0.61,2168934000,2248062000,2318596000,3626,3664,3701,12785937000
55095,CRENAC S.A.,Empresas Crédito Rápido Alto Riesgo,Proveedores No Financieros de Credito,67.61,54.04,54.13,-13.48,1734822000,2184514000,2300846000,3469,3803,3900,4250380000
65203,CRÉDITO REGIONAL COMPAÑÍA FINANCIERA S.A.U.,Empresas Crédito Rápido Alto Riesgo,Entidades Financieras - Companias Financieras,39.5,39.45,38.7,-0.8,2296883000,2270932000,2286497000,10321,10054,10055,5908959000
55330,CREDILOW S.A.,Empresas Crédito Rápido Alto Riesgo,Proveedores No Financieros de Credito,48.92,50.21,50.78,1.86,2086586000,2159397000,2228895000,3279,3388,3495,4389229000
70301,Tarjeta Pampeana S.A,Tarjetas de Crédito No Bancarias,Proveedores No Financieros de Credito,35.01,36.26,37.46,2.45,1966524000,2066803000,2214285000,1630,1645,1676,5910429000
55319,AGCO CAPITAL ARGENTINA S.A.,Financieras de Marca / Prendarias,Proveedores No Financieros de Credito,3.71,3.71,3.71,0.0,2190515000,2135027000,2167904000,16,16,16,58398184000
55465,Dar Prestamos S.A.,Empresas Crédito Rápido Alto Riesgo,Proveedores No Financieros de Credito,95.21,95.21,93.04,-2.17,1967748000,2003519000,2128604000,1327,1330,1333,2287800000
00341,BANCO MASVENTAS S.A.,Bancos Privados,Entidades Financieras - Bancos,12.46,13.24,14.11,1.65,1971424000,2003560000,2089337000,3461,3463,3563,14804524000
55148,Collins S.A.,Empresas Crédito Rápido Alto Riesgo,Proveedores No Financieros de Credito,9.46,10.89,10.66,1.2,1691391000,2009205000,2004890000,1486,1618,1616,18807281000
55482,Asociación Mutual de Ayuda Entre Asociados y Adherentes de Romang Futb,Empresas Crédito Rápido Alto Riesgo,Proveedores No Financieros de Credito,5.88,6.18,10.44,4.56,1035584000,1117332000,1970314000,377,393,556,18869558000
55132,TIENDAJUBILO S.A.,Vendedores de Electrodomésticos y Retail,Proveedores No Financieros de Credito,15.1,16.0,18.44,3.34,1625898000,1690252000,1933662000,2225,2220,2466,10486832000
51004,Fondo de Garantía Público La Rioja Sociedad Anónima Unipersonal,SGR y Fondos de Garantía,Fondos de Garantia Publicos,92.44,94.09,92.23,-0.21,1403960000,1620237000,1922990000,153,164,183,2084917000
50001,ACINDAR PYMES SGR,SGR y Fondos de Garantía,SGR,93.72,93.72,85.19,-8.53,1888097000,1888097000,1870814000,343,343,202,2196173000
55334,VALUARTE SRL,Empresas Crédito Rápido Alto Riesgo,Proveedores No Financieros de Credito,40.17,39.46,38.91,-1.26,1699020000,1735470000,1810870000,1538,1554,1588,4654142000
55579,DEAMPRO S.R.L.,Empresas Crédito Rápido Alto Riesgo,Proveedores No Financieros de Credito,66.28,69.17,67.36,1.08,1174591000,1732671000,1800225000,6147,6850,6952,2672630000
55490,ASOCIACION MUTUAL DE ASOCIADOS DEL CLUB ATLETICO UNION,Empresas Crédito Rápido Alto Riesgo,Proveedores No Financieros de Credito,8.26,12.48,12.48,4.22,1118913000,1782522000,1782522000,167,170,170,14280697000
55531,ARGENTUM CAPITAL SA,Empresas Crédito Rápido Alto Riesgo,Proveedores No Financieros de Credito,25.42,25.42,36.14,10.72,536417000,536417000,1778777000,4646,4646,12795,4921782000
72102,ASOCIACION MUTUAL DEL CLUB A. ARGENTINO,Empresas Crédito Rápido Alto Riesgo,Proveedores No Financieros de Credito,9.29,9.43,9.3,0.01,1690974000,1776869000,1767024000,210,202,206,18995044000
55547,sistemas unificados de credito dirigido SA,Empresas Crédito Rápido Alto Riesgo,Proveedores No Financieros de Credito,43.21,49.04,52.87,9.66,1537075000,1650318000,1688295000,3757,3889,3959,3193329000
70229,CONTAR S.A.,Empresas Crédito Rápido Alto Riesgo,Proveedores No Financieros de Credito,64.26,69.12,68.64,4.38,1465170000,1584698000,1661909000,2300,2354,2361,2421298000
55158,San Cristóbal Bienes Raíces S.A.,Empresas Crédito Rápido Alto Riesgo,Proveedores No Financieros de Credito,15.61,17.55,17.55,1.94,1352533000,1642320000,1642320000,34,33,33,9359396000
55090,DILCAR S.A.,Vendedores de Electrodomésticos y Retail,Proveedores No Financieros de Credito,25.0,26.27,27.52,2.52,1403659000,1511880000,1607427000,2037,2136,2227,5841487000
55063,Uninverc S.A.,Empresas Crédito Rápido Alto Riesgo,Proveedores No Financieros de Credito,2.81,,2.08,-0.73,1627517000,,1593645000,256,,262,76773249000
55001,Accicom S.A.,Empresas Crédito Rápido Alto Riesgo,Proveedores No Financieros de Credito,64.0,64.0,66.69,2.69,1296057000,1296057000,1581573000,3754,3754,3792,2371441000
55002,AMEPORT Mutual del Personal del Estado Nacional Provincial Municipal y,Empresas Crédito Rápido Alto Riesgo,Proveedores No Financieros de Credito,21.86,21.86,32.2,10.34,3796939000,3796939000,1569916000,3778,3778,2553,4876160000
55004,Asociación Mutual de la Economía Solidaria,Empresas Crédito Rápido Alto Riesgo,Proveedores No Financieros de Credito,21.93,23.22,22.69,0.76,1329987000,1473804000,1547059000,728,785,771,6819243000
55121,Asociación Mutual Malvinas Argentinas,Empresas Crédito Rápido Alto Riesgo,Proveedores No Financieros de Credito,39.54,41.91,41.91,2.37,1459754000,1546010000,1546010000,2768,2834,2834,3689278000
55080,DAP Cooperativa de Crédito y Consumo Ltda.,Empresas Crédito Rápido Alto Riesgo,Proveedores No Financieros de Credito,13.48,13.88,14.2,0.72,1335356000,1392623000,1469399000,4798,4808,4809,10347020000
55093,FINANCOMP S.A.,Empresas Crédito Rápido Alto Riesgo,Proveedores No Financieros de Credito,70.39,,73.84,3.45,1318155000,,1403402000,2990,,3042,1900592000
55462,CORVALAN 1160 SA,Empresas Crédito Rápido Alto Riesgo,Proveedores No Financieros de Credito,55.38,58.0,57.99,2.61,1317494000,1386640000,1385896000,9224,9404,9393,2389914000
72113,MUTUAL ENTRE ASOC COOPER MUTUAL PATRONAL,Empresas Crédito Rápido Alto Riesgo,Proveedores No Financieros de Credito,15.58,17.2,17.49,1.91,1202290000,1332795000,1379249000,2198,2282,2303,7887868000
50013,Garantias BIND SGR,SGR y Fondos de Garantía,SGR,88.49,87.56,92.73,4.24,1050639000,1154488000,1362223000,109,115,126,1468957000
55118,"Cooperativa de Vivienda, Crédito y Consumo VIXA LTDA",Empresas Crédito Rápido Alto Riesgo,Proveedores No Financieros de Credito,94.18,94.45,95.2,1.02,1222474000,1284469000,1356038000,2562,2593,2644,1424467000
55413,ASOCIACIÓN MUTUAL PILARENSES,Empresas Crédito Rápido Alto Riesgo,Proveedores No Financieros de Credito,40.9,42.96,42.96,2.06,1293245000,1325017000,1325017000,3392,3404,3404,3084066000
55450,PRESTY SRL,Empresas Crédito Rápido Alto Riesgo,Proveedores No Financieros de Credito,59.38,57.8,57.82,-1.56,1240877000,1280722000,1281806000,1310,1331,1331,2216740000
72501,TDF S.A.,Empresas Crédito Rápido Alto Riesgo,Proveedores No Financieros de Credito,64.91,65.38,64.38,-0.53,1251098000,1260630000,1261075000,4175,4115,4062,1958907000
72649,FINANROL SA,Empresas Crédito Rápido Alto Riesgo,Proveedores No Financieros de Credito,36.12,40.42,45.24,9.12,833535000,981331000,1121905000,1909,1941,3003,2480129000
55163,FF Capital Group S.A.,Empresas Crédito Rápido Alto Riesgo,Proveedores No Financieros de Credito,53.43,53.43,57.47,4.04,958436000,958436000,1106943000,2115,2115,2275,1926211000
55115,Asociación Mutual Desarrollo Regional,Empresas Crédito Rápido Alto Riesgo,Proveedores No Financieros de Credito,16.35,16.87,18.72,2.37,885109000,913944000,1098318000,586,599,640,5868435000
55128,Crediser Argentina S.A.,Empresas Crédito Rápido Alto Riesgo,Proveedores No Financieros de Credito,87.89,87.89,75.19,-12.7,1007498000,1007498000,1091737000,4076,4076,4096,1452059000
55020,"Palmares Cooperativa de Vivienda, Crédito, Consumo y Servicios Sociale",Empresas Crédito Rápido Alto Riesgo,Proveedores No Financieros de Credito,10.68,12.1,11.66,0.98,936208000,1065870000,1072481000,1376,1435,1421,9197988000
00198,BANCO DE VALORES S.A.,Bancos Privados,Entidades Financieras - Bancos,18.41,19.72,3.26,-15.15,131577000,297413000,1064664000,174,391,6075,32626096000
55026,Decréditos S.A.,Empresas Crédito Rápido Alto Riesgo,Proveedores No Financieros de Credito,46.37,46.37,24.37,-22.0,966561000,966561000,1047186000,225,225,229,4297226000
71803,VISION S.A.,Empresas Crédito Rápido Alto Riesgo,Proveedores No Financieros de Credito,48.87,49.53,48.35,-0.52,990921000,1013627000,1011446000,1430,1433,1388,2091759000
55006,Asociación Mutual del Litoral 17 de Enero,Empresas Crédito Rápido Alto Riesgo,Proveedores No Financieros de Credito,15.97,16.9,16.89,0.92,790032000,891735000,977871000,481,507,533,5790682000
55494,Mifloder SAS,Empresas Crédito Rápido Alto Riesgo,Proveedores No Financieros de Credito,11.44,14.48,14.47,3.03,697820000,940645000,940521000,1432,1998,1997,6497634000
00448,BANCO DINO S.A.,Bancos Privados,Entidades Financieras - Bancos,7.28,7.82,8.24,0.96,796653000,855977000,916723000,1043,1085,1134,11126735000
72618,ASOCIACION MUTUAL DE ASOCIADOS Y ADHERENTES DEL CENTRO JUVENIL SPORTIV,Empresas Crédito Rápido Alto Riesgo,Proveedores No Financieros de Credito,12.4,15.66,15.66,3.26,674956000,872816000,872816000,216,233,233,5572906000
55323,SOLUCIONES INTEGRALES S.A.,Empresas Crédito Rápido Alto Riesgo,Proveedores No Financieros de Credito,38.92,41.28,44.83,5.91,860560000,852722000,870043000,3775,3743,3768,1940649000
55086,Asociación Mutual Asis,Empresas Crédito Rápido Alto Riesgo,Proveedores No Financieros de Credito,18.53,18.53,21.09,2.56,663978000,663978000,865997000,1927,1927,2102,4105841000
55256,MSA CREDITOS S.A.,Compra de Carteras en Mora,Proveedores No Financieros de Credito,100.0,100.0,99.99,-0.01,894160000,894160000,833956000,2076,2076,1939,834024000
55376,COMERPYSRL,Empresas Crédito Rápido Alto Riesgo,Proveedores No Financieros de Credito,60.65,65.09,66.48,5.83,722710000,789873000,823698000,2403,2540,2566,1238991000
55463,MILLASA S.A.,Empresas Crédito Rápido Alto Riesgo,Proveedores No Financieros de Credito,49.26,49.26,62.18,12.92,564556000,564556000,820289000,777,777,892,1319124000
70503,LOCRED SRL,Empresas Crédito Rápido Alto Riesgo,Proveedores No Financieros de Credito,79.96,,84.27,4.31,760725000,,787001000,932,,1012,933865000
72106,ASOCIACION MUTUAL VENADO TUERTO,Empresas Crédito Rápido Alto Riesgo,Proveedores No Financieros de Credito,9.32,9.55,9.9,0.58,683289000,723498000,763807000,697,697,717,7717026000
72133,CREDIFIAR S.A.,Empresas Crédito Rápido Alto Riesgo,Proveedores No Financieros de Credito,51.32,52.66,52.55,1.23,758175000,742579000,751732000,1307,1273,1283,1430559000
55397,BELMONT CAPITAL S.A.,Empresas Crédito Rápido Alto Riesgo,Proveedores No Financieros de Credito,10.5,6.26,6.26,-4.24,1222955000,735091000,735091000,656,451,451,11743194000
00432,BANCO DE COMERCIO S.A.,Bancos Privados,Entidades Financieras - Bancos,8.49,8.49,6.45,-2.04,773288000,773288000,726015000,1070,1070,1095,11249187000
55227,Mutual Federada 25 de junio SPR,Empresas Crédito Rápido Alto Riesgo,Proveedores No Financieros de Credito,8.33,10.08,10.07,1.74,601655000,724572000,724279000,232,246,245,7189775000
71302,CUMAR SA,Empresas Crédito Rápido Alto Riesgo,Proveedores No Financieros de Credito,33.88,31.35,29.78,-4.1,697829000,711571000,720843000,2542,2563,2563,2420858000
55263,FINANCOMPRA S.A.,Empresas Crédito Rápido Alto Riesgo,Proveedores No Financieros de Credito,32.36,32.36,35.57,3.21,627275000,627275000,694352000,3017,3017,3177,1951831000
55356,G10 EMPRENDIMIENTOS SA,Empresas Crédito Rápido Alto Riesgo,Proveedores No Financieros de Credito,30.39,34.24,35.21,4.82,493119000,589179000,648272000,2819,2877,2939,1841140000
55487,ASOCIACION MUTUAL PARA EL PERSONAL DEL PODER JUDICIAL Y TRABAJADORES I,Empresas Crédito Rápido Alto Riesgo,Proveedores No Financieros de Credito,32.64,33.63,35.63,2.99,561603000,588102000,644611000,581,597,635,1809274000
55315,FINANCRED SA,Empresas Crédito Rápido Alto Riesgo,Proveedores No Financieros de Credito,42.03,43.71,40.53,-1.5,655403000,696460000,634830000,1146,1154,718,1566247000
55513,IXPAY SA,Empresas Crédito Rápido Alto Riesgo,Proveedores No Financieros de Credito,68.03,78.88,81.11,13.08,451479000,580073000,621386000,1274,1538,1648,766084000
55075,IDUN INVERSIONES S.A.,Empresas Crédito Rápido Alto Riesgo,Proveedores No Financieros de Credito,94.95,94.95,97.36,2.41,391749000,391749000,620639000,1133,1133,1738,637440000
55156,UNIGESTION SA,Empresas Crédito Rápido Alto Riesgo,Proveedores No Financieros de Credito,11.92,14.75,14.75,2.83,508424000,619084000,619084000,1112,1248,1248,4197170000
00338,BANCO DE SERVICIOS Y TRANSACCIONES SAU,Bancos Privados,Entidades Financieras - Bancos,4.03,3.44,2.85,-1.18,520235000,576794000,617049000,808,893,961,21671938000
55144,ASOCIACION MUTUAL 23 DE SEPTIEMBRE,Empresas Crédito Rápido Alto Riesgo,Proveedores No Financieros de Credito,76.45,81.07,81.07,4.62,575619000,607581000,607581000,21,22,22,749451000
55219,Cooperativa de Vivienda Crédito y Consumo La Integradora Limitada,Empresas Crédito Rápido Alto Riesgo,Proveedores No Financieros de Credito,42.32,45.35,45.35,3.03,502211000,604914000,604914000,2118,2202,2202,1333840000
55111,Clank S.A.,Empresas Crédito Rápido Alto Riesgo,Proveedores No Financieros de Credito,20.02,19.86,20.6,0.58,520123000,563930000,586557000,862,798,748,2848026000
70140,COTO CENTRO INTEGRAL DE COMERCIALIZAC SA,Vendedores de Electrodomésticos y Retail,Proveedores No Financieros de Credito,7.75,8.22,8.58,0.83,508520000,528727000,556202000,1610,1671,1747,6483937000
51009,Fideicomiso de Garantías Pampeanas (FoGaPam),SGR y Fondos de Garantía,Fondos de Garantia Publicos,98.25,98.59,89.66,-8.59,536209000,537986000,543443000,47,48,48,606090000
55395,CIGANDA & MASARIE,Empresas Crédito Rápido Alto Riesgo,Proveedores No Financieros de Credito,37.43,38.02,38.02,0.59,512189000,542207000,542207000,315,329,329,1426199000
55496,Cash Online S.A.,Empresas Crédito Rápido Alto Riesgo,Proveedores No Financieros de Credito,9.98,11.13,13.46,3.48,352928000,415814000,541966000,229,268,335,4025873000
70421,MUTUAL COYSPU,Empresas Crédito Rápido Alto Riesgo,Proveedores No Financieros de Credito,15.71,16.42,14.93,-0.78,485186000,520294000,511215000,274,286,269,3423653000
55355,FULLCREDIT SA,Empresas Crédito Rápido Alto Riesgo,Proveedores No Financieros de Credito,29.58,29.29,29.29,-0.29,456824000,497547000,497547000,632,671,671,1698912000
55534,Mutual 22 de septiembre,Empresas Crédito Rápido Alto Riesgo,Proveedores No Financieros de Credito,27.21,30.86,30.86,3.65,430663000,495252000,495252000,550,563,563,1605025000
55387,"Asociacion Mutual Integracion Solidaria Villa Maria ""AMISVIMA""",Empresas Crédito Rápido Alto Riesgo,Proveedores No Financieros de Credito,,,37.76,,,,493656000,,,445,1307230000
55018,Cooperativa de Provisión de Obras y Servicios Publicos y de Créditos C,Empresas Crédito Rápido Alto Riesgo,Proveedores No Financieros de Credito,21.81,21.81,26.64,4.83,387270000,387270000,492475000,555,555,615,1848634000
55349,AGILCRED S.A.,Empresas Crédito Rápido Alto Riesgo,Proveedores No Financieros de Credito,9.27,9.34,13.23,3.96,337054000,338165000,485344000,537,513,620,3667406000
55120,Ebucar S.A.,Empresas Crédito Rápido Alto Riesgo,Proveedores No Financieros de Credito,14.67,15.0,13.75,-0.92,437362000,461852000,467932000,690,690,687,3402676000
72117,ASOC MUT CONSEJ ARROYOS COOP EMP MULTIPL,Empresas Crédito Rápido Alto Riesgo,Proveedores No Financieros de Credito,6.48,5.89,5.75,-0.73,471883000,450128000,454901000,83,83,87,7914213000
55076,Grupo Prestafácil S.A.,Empresas Crédito Rápido Alto Riesgo,Proveedores No Financieros de Credito,8.86,9.82,10.01,1.15,382051000,426058000,441749000,262,271,276,4415206000
55419,Daneio SA,Empresas Crédito Rápido Alto Riesgo,Proveedores No Financieros de Credito,37.72,39.06,39.06,1.34,388738000,432846000,432846000,572,606,606,1108212000
00247,BANCO ROELA S.A.,Bancos Privados,Entidades Financieras - Bancos,4.92,7.33,7.41,2.49,278232000,412200000,430940000,39,41,45,5815706000
55077,Asociación Mutual de Escribanos,Empresas Crédito Rápido Alto Riesgo,Proveedores No Financieros de Credito,22.66,21.6,20.27,-2.39,424294000,420672000,419079000,570,558,553,2067049000
51006,Fondo de garantía para el Desarrollo Fueguino S.A.P.E.M. (FOGADEF),SGR y Fondos de Garantía,Fondos de Garantia Publicos,100.0,96.31,91.14,-8.86,283286000,383115000,405281000,17,25,26,444682000
55197,"Invercoop Cooperativa de Crédito, Consumo y Vivienda Limitada",Empresas Crédito Rápido Alto Riesgo,Proveedores No Financieros de Credito,35.08,35.07,34.95,-0.13,385026000,385543000,389595000,3,3,3,1114634000
70141,YPF S.A.,Empresas Crédito Rápido Alto Riesgo,Proveedores No Financieros de Credito,1.33,2.93,2.93,1.6,228657000,389511000,389511000,67,50,50,13310229000
72126,CREDISOL S.A.,Empresas Crédito Rápido Alto Riesgo,Proveedores No Financieros de Credito,37.23,40.21,39.54,2.31,361507000,392686000,385843000,2741,2863,2808,975805000
10915,F.F. CENTURIA,Compra de Carteras en Mora,Fideicomisos Financieros,99.61,99.61,99.62,0.01,384163000,384163000,382722000,3656,3656,3649,384195000
55049,Surfinan S.A.,Empresas Crédito Rápido Alto Riesgo,Proveedores No Financieros de Credito,89.61,90.16,90.37,0.76,353871000,356066000,355843000,1302,1293,1275,393758000
55134,MAXIHOGAR SRL,Vendedores de Electrodomésticos y Retail,Proveedores No Financieros de Credito,41.14,45.98,46.63,5.49,347675000,350752000,352417000,3153,3132,3109,755715000
50035,Conaval S.G.R.,SGR y Fondos de Garantía,SGR,100.0,100.0,100.0,0.0,319893000,329196000,338616000,4,4,4,338616000
55524,ASOCIACION MUTUAL 7 DE AGOSTO,Empresas Crédito Rápido Alto Riesgo,Proveedores No Financieros de Credito,4.41,4.96,7.83,3.42,215533000,268329000,338042000,286,317,380,4318723000
10628,F.F. PRIVADO ASSET RECOVERY 5,Compra de Carteras en Mora,Fideicomisos Financieros,96.95,96.52,97.54,0.59,341748000,332563000,337256000,2336,2212,2056,345757000
70435,SERVICIOS FECESCOR S.A,Empresas Crédito Rápido Alto Riesgo,Proveedores No Financieros de Credito,12.67,13.5,13.5,0.83,294297000,330998000,330998000,165,177,177,2452282000
55088,Asociación Mutual de Docentes de la Provincia del Chaco,Empresas Crédito Rápido Alto Riesgo,Proveedores No Financieros de Credito,6.1,5.76,5.85,-0.25,292183000,324050000,322325000,424,457,454,5513994000
70429,MUTUAL DE LAS COMUNIDADES,Empresas Crédito Rápido Alto Riesgo,Proveedores No Financieros de Credito,5.28,5.36,6.03,0.75,266469000,275205000,319281000,82,83,87,5294156000
55477,MERITE S.A.,Empresas Crédito Rápido Alto Riesgo,Proveedores No Financieros de Credito,79.02,67.54,85.58,6.56,279973000,245344000,302005000,2730,2467,2870,352904000
55214,Credinegocios Moscasil S.A.,Empresas Crédito Rápido Alto Riesgo,Proveedores No Financieros de Credito,30.79,30.91,30.91,0.12,288141000,298431000,298431000,336,340,340,965421000
72101,ASOC MUT AYUDA ASOC ADHER CLUB ATL UNION,Empresas Crédito Rápido Alto Riesgo,Proveedores No Financieros de Credito,11.16,11.75,11.75,0.59,284036000,295090000,295090000,460,471,471,2512051000
55251,BR CAPITAL S.A.,Empresas Crédito Rápido Alto Riesgo,Proveedores No Financieros de Credito,20.02,19.21,18.88,-1.14,301725000,303700000,294022000,3,3,3,1557135000
55483,Longcred S.A.,Empresas Crédito Rápido Alto Riesgo,Proveedores No Financieros de Credito,67.72,53.85,51.19,-16.53,228566000,298973000,288133000,185,195,174,562849000
55003,Asociación Mutual Centro Litoral,Empresas Crédito Rápido Alto Riesgo,Proveedores No Financieros de Credito,29.17,30.35,30.35,1.18,283318000,287242000,287242000,513,512,512,946565000
00435,BANCO SUCREDITO REGIONAL S.A.U.,Bancos Privados,Entidades Financieras - Bancos,21.48,19.85,21.18,-0.3,279353000,259494000,280779000,289,270,292,1325574000
55425,MOOVITECH S.A.,Empresas Crédito Rápido Alto Riesgo,Proveedores No Financieros de Credito,55.25,55.67,99.56,44.31,2465575000,2784056000,279853000,5750,5995,322,281078000
10921,Flex Fideicomiso Financiero,Compra de Carteras en Mora,Fideicomisos Financieros,100.0,,100.0,0.0,283964000,,278922000,2802,,2774,278922000
55304,TU ADELANTO SA,Empresas Crédito Rápido Alto Riesgo,Proveedores No Financieros de Credito,89.99,98.08,98.83,8.84,240410000,265498000,271010000,597,617,604,274216000
55172,FINARES S.A.,Empresas Crédito Rápido Alto Riesgo,Proveedores No Financieros de Credito,30.14,30.9,30.9,0.76,262705000,270904000,270904000,7,12,12,876850000
70270,Asociación Mutual Club Social Deportivo Ascensión,Empresas Crédito Rápido Alto Riesgo,Proveedores No Financieros de Credito,32.83,32.83,33.99,1.16,263520000,263520000,267743000,438,438,437,787603000
70412,Zafiro S.A.,Empresas Crédito Rápido Alto Riesgo,Proveedores No Financieros de Credito,22.24,24.4,24.54,2.3,215950000,246771000,263005000,373,396,400,1071570000
55439,MUTUAL DE PORTEÑA ASOCIACION CULTURAL Y DEPORTIVA,Empresas Crédito Rápido Alto Riesgo,Proveedores No Financieros de Credito,5.38,5.83,5.48,0.1,210582000,243313000,262836000,37,46,42,4795445000
70413,VILLTER S.R.L.,Empresas Crédito Rápido Alto Riesgo,Proveedores No Financieros de Credito,25.66,26.68,26.06,0.4,235079000,256389000,261006000,548,556,558,1001366000
72633,COOPERATIVA FARO LTDA,Empresas Crédito Rápido Alto Riesgo,Proveedores No Financieros de Credito,16.66,16.13,16.15,-0.51,262976000,250719000,258208000,693,641,653,1598387000
55043,Provincia Leasing S.A.,Empresas Crédito Rápido Alto Riesgo,Proveedores No Financieros de Credito,0.01,19.24,19.24,19.23,213000,248907000,248907000,1,2,2,1294002000
55057,Mutual Integral de Servicios,Empresas Crédito Rápido Alto Riesgo,Proveedores No Financieros de Credito,3.79,4.54,8.35,4.56,117897000,138988000,245410000,109,112,127,2938801000
55283,S&S SOLUTIONS SA,Empresas Crédito Rápido Alto Riesgo,Proveedores No Financieros de Credito,69.75,74.52,80.3,10.55,208330000,211751000,243425000,107,111,116,303144000
55318,DLL LEASING ARGENTINA S.A.,Empresas Crédito Rápido Alto Riesgo,Proveedores No Financieros de Credito,95.65,97.82,97.82,2.17,238388000,239977000,243156000,1,1,1,248579000
55480,RUMKALO S.R.L.,Empresas Crédito Rápido Alto Riesgo,Proveedores No Financieros de Credito,84.66,86.98,86.24,1.58,220444000,227292000,239000000,839,841,876,277123000
55512,TRADING PROFIT S.A.,Empresas Crédito Rápido Alto Riesgo,Proveedores No Financieros de Credito,48.44,56.2,62.07,13.63,181299000,210402000,237012000,95,109,122,381871000
70424,Tarjeta PL S.A.,Tarjetas de Crédito No Bancarias,Proveedores No Financieros de Credito,12.18,12.54,13.48,1.3,207939000,211352000,233515000,453,452,461,1732222000
55287,COBRO FACIL SRL,Empresas Crédito Rápido Alto Riesgo,Proveedores No Financieros de Credito,48.98,56.23,56.23,7.25,205661000,230454000,230454000,787,839,839,409859000
55125,"Cooperativa de Vivienda, Crédito, Consumo y Servicios Sociales Candela",Empresas Crédito Rápido Alto Riesgo,Proveedores No Financieros de Credito,7.4,7.4,8.13,0.73,203480000,203480000,225634000,175,175,180,2775457000
70269,"Credinos Cooperativa de Vivienda, Crédito, Consumo, Servicios Asistenc",Empresas Crédito Rápido Alto Riesgo,Proveedores No Financieros de Credito,28.64,31.63,29.56,0.92,195368000,220352000,224889000,763,793,790,760891000
55123,"Cooperativa 2001 de Vivienda, Crédito y Consumo Ltda.",Empresas Crédito Rápido Alto Riesgo,Proveedores No Financieros de Credito,8.13,8.13,8.82,0.69,181202000,181202000,222379000,401,401,409,2522732000
55295,CREDITAM LIMITADA S.A.,Empresas Crédito Rápido Alto Riesgo,Proveedores No Financieros de Credito,21.49,21.12,21.12,-0.37,218590000,218834000,218834000,449,445,445,1036000000
55411,CREDITAN COOPERATIVA DE VIVIENDA CREDITO Y CONSUMO LTDA,Empresas Crédito Rápido Alto Riesgo,Proveedores No Financieros de Credito,12.67,12.67,15.42,2.75,170160000,170160000,214398000,245,245,278,1390039000
50005,AVAL FEDERAL SGR,SGR y Fondos de Garantía,SGR,86.46,100.0,100.0,13.54,108260000,214114000,214114000,2,4,4,214114000
55092,Dante Tanino Hogar S.A.,Vendedores de Electrodomésticos y Retail,Proveedores No Financieros de Credito,17.36,17.73,17.73,0.37,206451000,211160000,211160000,635,645,645,1191057000
55488,RIO FRANCO SA,Empresas Crédito Rápido Alto Riesgo,Proveedores No Financieros de Credito,70.04,70.04,68.04,-2.0,209764000,209764000,210116000,6,6,7,308824000
55584,CONSUMEX S.A.,Empresas Crédito Rápido Alto Riesgo,Proveedores No Financieros de Credito,20.38,20.38,20.24,-0.14,226248000,226248000,206706000,675,675,662,1021120000
50036,Móvil S.G.R.,SGR y Fondos de Garantía,SGR,91.02,91.02,88.35,-2.67,193095000,193095000,205533000,21,21,22,232636000
55377,Clave Creditos S.A.,Empresas Crédito Rápido Alto Riesgo,Proveedores No Financieros de Credito,43.68,53.97,55.8,12.12,184075000,212504000,205245000,296,355,350,367843000
55301,CRESCENS S.A,Empresas Crédito Rápido Alto Riesgo,Proveedores No Financieros de Credito,0.87,2.48,3.88,3.01,47685000,132884000,204572000,9,10,12,5278242000
55444,CREDISE S.A.,Empresas Crédito Rápido Alto Riesgo,Proveedores No Financieros de Credito,7.28,7.07,7.07,-0.21,192142000,204212000,204212000,285,293,293,2889238000
55470,CAMELUS S.A.,Empresas Crédito Rápido Alto Riesgo,Proveedores No Financieros de Credito,32.0,32.0,35.77,3.77,179504000,179504000,201876000,20,20,23,564448000
70257,TARTAN S.A.,Empresas Crédito Rápido Alto Riesgo,Proveedores No Financieros de Credito,83.16,84.5,84.88,1.72,191347000,197316000,200150000,552,554,553,235790000
55523,COMERCIAL FERSA SRL,Empresas Crédito Rápido Alto Riesgo,Proveedores No Financieros de Credito,23.24,22.68,22.68,-0.56,185434000,194746000,194746000,164,166,166,858550000
70154,TELEPEAJE S.A.,Empresas Crédito Rápido Alto Riesgo,Proveedores No Financieros de Credito,82.2,82.86,82.86,0.66,187554000,193226000,193226000,2169,2189,2189,233199000
55516,M&B COMPANY S. A. S.,Empresas Crédito Rápido Alto Riesgo,Proveedores No Financieros de Credito,60.99,63.83,61.91,0.92,182718000,192442000,193017000,34,36,37,311775000
55458,SOLVERS S.A.,Empresas Crédito Rápido Alto Riesgo,Proveedores No Financieros de Credito,65.38,,71.11,5.73,187765000,,192099000,927,,905,270134000
55432,LUCSE INVERSIONES S.A.,Empresas Crédito Rápido Alto Riesgo,Proveedores No Financieros de Credito,14.36,11.73,11.73,-2.63,231318000,191228000,191228000,432,293,293,1630207000
55558,GRUPO SACAR S.A.,Empresas Crédito Rápido Alto Riesgo,Proveedores No Financieros de Credito,29.18,67.45,57.15,27.97,49257000,137011000,187485000,32,99,132,328080000
55469,BOCAS DEL TORO S.A.,Empresas Crédito Rápido Alto Riesgo,Proveedores No Financieros de Credito,52.5,56.49,57.95,5.45,155183000,166791000,185140000,79,84,89,319455000
55554,PRESTACIONES S.A.,Empresas Crédito Rápido Alto Riesgo,Proveedores No Financieros de Credito,25.1,24.91,25.52,0.42,160100000,169045000,184865000,12,13,13,724516000
51005,Garantía San Juan SAPEM,SGR y Fondos de Garantía,Fondos de Garantia Publicos,78.9,81.95,81.95,3.05,165182000,184004000,184004000,15,15,15,224536000
55277,ASOCIACION MUTUAL FIAT CONCORD,Empresas Crédito Rápido Alto Riesgo,Proveedores No Financieros de Credito,15.15,15.15,17.73,2.58,146875000,146875000,167787000,208,208,214,946115000
70252,JUCARD JUNIN S.R.L.,Tarjetas de Crédito No Bancarias,Proveedores No Financieros de Credito,24.81,25.66,26.57,1.76,142537000,153011000,161357000,387,405,411,607220000
72613,NORYSUR SOCIEDAD ANONIMA,Vendedores de Electrodomésticos y Retail,Proveedores No Financieros de Credito,70.36,70.36,70.36,0.0,159265000,159265000,159265000,435,435,435,226364000
55525,ASOCIACION MUTUAL GRAL J JOSE DE URQUIZA,Empresas Crédito Rápido Alto Riesgo,Proveedores No Financieros de Credito,4.7,6.02,6.02,1.32,113539000,159121000,159121000,150,192,192,2644568000
50026,CRECER SGR,SGR y Fondos de Garantía,SGR,87.14,87.58,91.21,4.07,133471000,144898000,158849000,44,46,50,174158000
55511,ASOCIACION MUTUAL 9 DE JULIO OLIMPICO FREYRE,Empresas Crédito Rápido Alto Riesgo,Proveedores No Financieros de Credito,12.05,10.97,10.08,-1.97,184217000,160983000,156690000,30,30,30,1554750000
72112,ASOC MUTUAL SOC CTRO EC CAÑADA DE GOMEZ,Empresas Crédito Rápido Alto Riesgo,Proveedores No Financieros de Credito,5.0,,5.78,0.78,138147000,,154770000,264,,285,2679560000
50028,AVALUAR S.G.R.,SGR y Fondos de Garantía,SGR,89.34,83.3,100.0,10.66,97834000,111256000,145794000,6,7,8,145794000
55486,TODOPAY S.R.L.,Empresas Crédito Rápido Alto Riesgo,Proveedores No Financieros de Credito,51.53,53.39,53.39,1.86,151470000,145165000,145165000,203,191,191,271899000
55396,MERIDIANO NORTE S.A.,Empresas Crédito Rápido Alto Riesgo,Proveedores No Financieros de Credito,19.5,18.01,18.01,-1.49,197185000,144781000,144781000,31,29,29,804046000
55456,PREST SPC SAS,Empresas Crédito Rápido Alto Riesgo,Proveedores No Financieros de Credito,97.63,97.61,98.88,1.25,123930000,131782000,143105000,166,168,172,144722000
55137,"Cooperativa de Crédito, Consumo, Vivienda y Servicios Sociales Videgar",Empresas Crédito Rápido Alto Riesgo,Proveedores No Financieros de Credito,16.9,16.9,14.34,-2.56,120023000,120023000,142222000,768,768,780,991725000
55498,LANTI SA,Compra de Carteras en Mora,Proveedores No Financieros de Credito,100.0,100.0,100.0,0.0,140275000,140275000,140275000,1,1,1,140275000
55526,Asociacion Mutual Progreso Entrerriano,Empresas Crédito Rápido Alto Riesgo,Proveedores No Financieros de Credito,8.45,8.49,8.49,0.04,138872000,139200000,139200000,605,611,611,1640269000
55235,Valerza S.A.,Empresas Crédito Rápido Alto Riesgo,Proveedores No Financieros de Credito,5.54,5.83,5.83,0.29,126076000,137330000,137330000,288,290,290,2354014000
55082,Asociación Mutual de Pensionados Sociales Ley 5110,Empresas Crédito Rápido Alto Riesgo,Proveedores No Financieros de Credito,5.09,5.09,5.04,-0.05,133447000,133447000,134664000,724,724,703,2671987000
55245,CUOTAFACIL SA,Empresas Crédito Rápido Alto Riesgo,Proveedores No Financieros de Credito,78.85,76.35,76.35,-2.5,135056000,133388000,133388000,225,220,220,174701000
55492,Asociación Mutual de Trabajadores Argentinos Estatales,Empresas Crédito Rápido Alto Riesgo,Proveedores No Financieros de Credito,7.47,9.2,9.2,1.73,98656000,127224000,127224000,49,64,64,1383095000
55309,MUTUAL DEL PERSONAL DEL MINISTERIO DE EDUCACION Y JUSTICIA DE LA NACIO,Empresas Crédito Rápido Alto Riesgo,Proveedores No Financieros de Credito,48.71,50.01,50.01,1.3,126675000,124594000,124594000,284,282,282,249117000
55124,Plusrasgo S.A.,Empresas Crédito Rápido Alto Riesgo,Proveedores No Financieros de Credito,4.43,4.58,6.42,1.99,115018000,121822000,124171000,42,45,46,1932903000
50007,AVAL RURAL SGR,SGR y Fondos de Garantía,SGR,100.0,100.0,100.0,0.0,122639000,122639000,122639000,6,6,6,122639000
55265,CRE-DIN S. A.,Compra de Carteras en Mora,Proveedores No Financieros de Credito,100.0,100.0,100.0,0.0,123994000,123994000,121848000,1431,1431,1384,121848000
70420,Corfa Servi S.R.L.,Empresas Crédito Rápido Alto Riesgo,Proveedores No Financieros de Credito,19.96,19.5,19.5,-0.46,118051000,117933000,117933000,151,145,145,604715000
55048,Sicom S.A.,Empresas Crédito Rápido Alto Riesgo,Proveedores No Financieros de Credito,0.78,0.8,0.85,0.07,94499000,99405000,113769000,96,98,102,13418266000
72607,"FIRENZE COOPERATIVA DE CRÉDITO, CONSUMO, VIVIENDA, TURISMO Y SERVICIOS",Empresas Crédito Rápido Alto Riesgo,Proveedores No Financieros de Credito,3.0,3.14,3.14,0.14,102653000,112347000,112347000,139,139,139,3577541000
50009,CAMPO AVAL SGR,SGR y Fondos de Garantía,SGR,100.0,97.45,97.57,-2.43,107567000,112347000,109581000,3,3,2,112305000
55399,MAMLUSENA S.A.,Empresas Crédito Rápido Alto Riesgo,Proveedores No Financieros de Credito,24.29,24.82,24.82,0.53,99776000,107620000,107620000,466,492,492,433587000
72103,CLUB ATLETICO SAN JORGE MUTUAL Y SOCIAL,Empresas Crédito Rápido Alto Riesgo,Proveedores No Financieros de Credito,6.18,5.75,6.15,-0.03,104675000,96588000,103022000,94,79,88,1675412000
55297,FINANCITY S.A.,Empresas Crédito Rápido Alto Riesgo,Proveedores No Financieros de Credito,4.22,4.22,3.56,-0.66,124142000,124142000,102196000,63,63,50,2871700000
50018,POTENCIAR SGR,SGR y Fondos de Garantía,SGR,83.12,35.84,96.12,13.0,69370000,6316000,100415000,88,10,101,104468000
70411,TEVISAL S.A.,Empresas Crédito Rápido Alto Riesgo,Proveedores No Financieros de Credito,39.35,39.67,38.67,-0.68,91153000,94392000,100364000,217,219,222,259553000
55201,Credit & Investment SRL,Empresas Crédito Rápido Alto Riesgo,Proveedores No Financieros de Credito,34.37,27.81,27.8,-6.57,103900000,96702000,96660000,71,72,71,347734000
50033,Crédito Argentino S.G.R.,SGR y Fondos de Garantía,SGR,46.37,59.85,47.49,1.12,53405000,69807000,90972000,2,2,2,191558000
55366,CYAP NOW S.A.,Empresas Crédito Rápido Alto Riesgo,Proveedores No Financieros de Credito,9.3,8.86,9.61,0.31,64510000,78531000,87834000,201,223,234,913512000
55226,MSM Leasing S.A.,Empresas Crédito Rápido Alto Riesgo,Proveedores No Financieros de Credito,58.33,59.71,59.71,1.38,85752000,83412000,83412000,3,3,3,139697000
00281,BANCO MERIDIAN S.A.,Bancos Privados,Entidades Financieras - Bancos,3.17,3.69,5.6,2.43,61020000,62180000,82422000,64,70,62,1472329000
55453,Cooperativa de Credito Consumo y Vivienda Baymor Ltda,Empresas Crédito Rápido Alto Riesgo,Proveedores No Financieros de Credito,95.07,97.38,96.26,1.19,72976000,79029000,82391000,67,71,72,85591000
50046,Argentina Ciudad S.G.R.,SGR y Fondos de Garantía,SGR,95.62,94.34,92.79,-2.83,61970000,74482000,81567000,18,20,21,87903000
55515,Fidelity SRL,Empresas Crédito Rápido Alto Riesgo,Proveedores No Financieros de Credito,12.75,13.11,13.11,0.36,73620000,79568000,79568000,66,68,68,606935000
71204,Crédito Móvil S.A.,Empresas Crédito Rápido Alto Riesgo,Proveedores No Financieros de Credito,39.55,14.81,14.81,-24.74,171745000,78853000,78853000,155,158,158,532275000
55493,OPENCRED SA,Empresas Crédito Rápido Alto Riesgo,Proveedores No Financieros de Credito,34.97,28.78,27.98,-6.99,90163000,76823000,76823000,539,503,503,274600000
55141,AD CREDITOS S.A.,Empresas Crédito Rápido Alto Riesgo,Proveedores No Financieros de Credito,30.66,31.62,37.58,6.92,89220000,83035000,75256000,234,227,216,200257000
55566,SALOMON S.A. SOCIEDAD ANONIMA,Empresas Crédito Rápido Alto Riesgo,Proveedores No Financieros de Credito,0.0,0.0,3.63,3.63,0,0,74221000,0,0,6,2044294000
72631,COOPERATIVA DE PROVISION DE BIENES Y SERVICIOS ALLEN LTDA,Empresas Crédito Rápido Alto Riesgo,Proveedores No Financieros de Credito,2.3,2.6,2.55,0.25,68002000,74988000,74081000,111,110,111,2901798000
50020,AFB AVALES S.G.R.,SGR y Fondos de Garantía,SGR,93.31,87.8,88.77,-4.54,56714000,63605000,68799000,9,9,9,77506000
50038,INNOVA SGR,SGR y Fondos de Garantía,SGR,74.23,74.23,100.0,25.77,41302000,41302000,68249000,4,4,5,68249000
50032,RESILIENCIA SGR,SGR y Fondos de Garantía,SGR,82.39,82.39,89.55,7.16,42723000,42723000,68221000,8,8,11,76180000
55133,Rotas S.A.,Empresas Crédito Rápido Alto Riesgo,Proveedores No Financieros de Credito,23.75,21.04,21.04,-2.71,53869000,67940000,67940000,713,671,671,322857000
55266,CRÉDITO DEL VALLE S.A.,Compra de Carteras en Mora,Proveedores No Financieros de Credito,100.0,100.0,100.0,0.0,67219000,67219000,66766000,492,492,483,66766000
55580,Platinum Viajes S.A.,Empresas Crédito Rápido Alto Riesgo,Proveedores No Financieros de Credito,26.65,25.14,23.99,-2.66,71736000,67844000,66641000,259,265,298,277768000
55442,LA LOMITA CAPITAL S.A.,Empresas Crédito Rápido Alto Riesgo,Proveedores No Financieros de Credito,12.71,10.16,10.16,-2.55,78327000,65128000,65128000,74,59,59,640928000
50023,UNION SGR,SGR y Fondos de Garantía,SGR,93.39,93.53,93.53,0.14,63180000,64638000,64638000,14,14,14,69107000
55159,"TCC Cooperativa de Crédito, Consumo y Vivienda Limitada",Empresas Crédito Rápido Alto Riesgo,Proveedores No Financieros de Credito,9.2,,10.34,1.14,52362000,,62797000,135,,150,607573000
55386,WIBOND SAS,Fintech y Billeteras,Proveedores No Financieros de Credito,85.53,95.52,95.52,9.99,57395000,61889000,61889000,422,469,469,64794000
55040,N&F Capital Markets S.A.,Empresas Crédito Rápido Alto Riesgo,Proveedores No Financieros de Credito,21.21,18.03,21.3,0.09,54902000,54347000,61535000,226,219,219,288935000
55146,LIPACO MERCANTIL S.A.,Empresas Crédito Rápido Alto Riesgo,Proveedores No Financieros de Credito,6.21,6.72,6.72,0.51,55822000,60714000,60714000,102,106,106,903525000
55210,"Del País Cooperativa de Crédito, Consumo y Vivienda Ltda.",Empresas Crédito Rápido Alto Riesgo,Proveedores No Financieros de Credito,28.53,28.53,12.53,-16.0,60518000,60518000,60518000,3,3,3,482860000
55222,BFA Inversiones y Finanzas S.A.,Empresas Crédito Rápido Alto Riesgo,Proveedores No Financieros de Credito,38.2,14.23,24.03,-14.17,60610000,33518000,60350000,17,16,17,251177000
55353,VIKA 2010 S.A.,Empresas Crédito Rápido Alto Riesgo,Proveedores No Financieros de Credito,31.19,37.63,37.63,6.44,56901000,56901000,56901000,3,3,3,151215000
55586,WUNDER S.A.,Empresas Crédito Rápido Alto Riesgo,Proveedores No Financieros de Credito,2.2,1.24,1.24,-0.96,91677000,55795000,55795000,15,9,9,4492863000
55539,FRANKFURT S.A.,Empresas Crédito Rápido Alto Riesgo,Proveedores No Financieros de Credito,9.93,7.0,7.0,-2.93,55161000,55080000,55080000,2,2,2,786406000
55042,"Plural Cooperativa de Crédito, Consumo y Vivienda Ltda.",Empresas Crédito Rápido Alto Riesgo,Proveedores No Financieros de Credito,0.0,10.06,9.16,9.16,0,44943000,53465000,0,131,132,583613000
50030,Confiables S.G.R.,SGR y Fondos de Garantía,SGR,100.0,95.77,91.38,-8.62,67968000,64449000,53251000,7,7,7,58274000
51014,Fondo de Garantía Catamarca Sociedad Anónima con Participación Estatal,SGR y Fondos de Garantía,Fondos de Garantia Publicos,62.64,62.64,60.06,-2.58,37100000,37100000,48216000,8,8,10,80274000
55374,EJS S.A.,Empresas Crédito Rápido Alto Riesgo,Proveedores No Financieros de Credito,15.35,16.15,16.15,0.8,42724000,46986000,46986000,52,58,58,290908000
72132,Asociación Mutual de Ayuda entre Asociados y Adherentes del Club Depor,Empresas Crédito Rápido Alto Riesgo,Proveedores No Financieros de Credito,10.13,10.09,9.73,-0.4,48641000,45928000,46423000,110,103,101,476941000
55541,Blue Capital S.R.L,Empresas Crédito Rápido Alto Riesgo,Proveedores No Financieros de Credito,18.73,18.32,20.71,1.98,38451000,38321000,45474000,44,44,46,219607000
51002,FONDO DE GARANTÍAS DEL CHACO (FOGACH),SGR y Fondos de Garantía,Fondos de Garantia Publicos,66.31,66.35,100.0,33.69,45738000,46965000,44918000,10,10,8,44918000
70430,ASOC. MUTUAL DEL CLUB ALMAFUERTE DE LAS VARILLAS,Empresas Crédito Rápido Alto Riesgo,Proveedores No Financieros de Credito,10.51,11.43,10.94,0.43,42008000,43819000,41836000,95,86,85,382574000
55300,Buenos Aires Creditos SA,Empresas Crédito Rápido Alto Riesgo,Proveedores No Financieros de Credito,81.98,89.04,91.1,9.12,36489000,35851000,41393000,217,211,218,45437000
50037,FIDEM SGR,SGR y Fondos de Garantía,SGR,51.22,30.91,100.0,48.78,15181000,12343000,39936000,2,2,3,39936000
70802,S.A. CLUB DEL ESTE,Empresas Crédito Rápido Alto Riesgo,Proveedores No Financieros de Credito,6.55,5.96,6.02,-0.53,41578000,37458000,38737000,66,71,70,643810000
72622,ASOCIACION MUTUAL SANTA AGUSTINA,Empresas Crédito Rápido Alto Riesgo,Proveedores No Financieros de Credito,31.97,31.97,36.99,5.02,35316000,35316000,38408000,53,53,62,103833000
55061,Radio Sapienza S.A.,Empresas Crédito Rápido Alto Riesgo,Proveedores No Financieros de Credito,18.59,18.59,15.99,-2.6,43535000,43535000,37388000,251,251,227,233756000
50021,AVAL AR SGR,SGR y Fondos de Garantía,SGR,35.29,100.0,100.0,64.71,12028000,36430000,36430000,3,4,4,36430000
55544,YOLO CASH S.A.,Empresas Crédito Rápido Alto Riesgo,Proveedores No Financieros de Credito,2.95,5.14,5.14,2.19,10231000,36365000,36365000,14,43,43,706828000
55307,RED DE PRESTAMOS SA,Empresas Crédito Rápido Alto Riesgo,Proveedores No Financieros de Credito,8.69,10.29,10.29,1.6,36533000,35688000,35688000,76,74,74,346929000
55328,LOGINCREDIT S.A.,Empresas Crédito Rápido Alto Riesgo,Proveedores No Financieros de Credito,3.81,3.48,3.48,-0.33,35787000,35274000,35274000,76,77,77,1014683000
55393,SEILOP S.R.L.,Compra de Carteras en Mora,Proveedores No Financieros de Credito,100.0,40.67,57.04,-42.96,34965000,34965000,34965000,1,1,1,61298000
72135,Asociación Mutual PYME RURAL,Empresas Crédito Rápido Alto Riesgo,Proveedores No Financieros de Credito,2.42,2.86,3.78,1.36,22204000,24948000,33177000,56,68,116,876653000
70407,TALOR SOCIEDAD COLECTIVA,Empresas Crédito Rápido Alto Riesgo,Proveedores No Financieros de Credito,0.88,1.06,1.02,0.14,27996000,32164000,32214000,32,37,40,3146585000
70433,SISCOM S.R.L.,Empresas Crédito Rápido Alto Riesgo,Proveedores No Financieros de Credito,14.25,14.25,10.71,-3.54,32488000,32488000,31923000,35,35,36,297963000
55389,SI CAPITAL,Empresas Crédito Rápido Alto Riesgo,Proveedores No Financieros de Credito,30.25,30.25,31.27,1.02,29879000,29879000,29751000,22,22,22,95151000
50012,DON MARIO SGR,SGR y Fondos de Garantía,SGR,70.88,68.57,55.47,-15.41,22987000,26007000,28978000,1,1,1,52240000
55267,ACUATRO S.A.,Compra de Carteras en Mora,Proveedores No Financieros de Credito,100.0,100.0,100.0,0.0,28354000,28354000,28051000,304,304,296,28051000
50047,Patagonia S.G.R.,SGR y Fondos de Garantía,SGR,98.74,100.0,100.0,1.26,20670000,24070000,25770000,1,1,1,25770000
50011,Cuyo Aval SGR,SGR y Fondos de Garantía,SGR,100.0,100.0,100.0,0.0,25676000,25676000,25676000,1,1,1,25676000
51012,"Fondo específico de riesgo fiduciario de la ""Provincia de Santa Fe""",Empresas Crédito Rápido Alto Riesgo,Fondos de Garantia Publicos,90.84,88.88,82.11,-8.73,21005000,23828000,24469000,5,5,5,29800000
55484,Inclusión Financiera Integral SRL,Empresas Crédito Rápido Alto Riesgo,Proveedores No Financieros de Credito,16.64,19.77,19.77,3.13,22155000,23255000,23255000,24,25,25,117655000
55367,INVERSORA DEL NORTE S.A.,Empresas Crédito Rápido Alto Riesgo,Proveedores No Financieros de Credito,47.45,56.25,52.81,5.36,21389000,22705000,23151000,50,51,50,43841000
55361,DESARROLLOS AYTER S.A.,Empresas Crédito Rápido Alto Riesgo,Proveedores No Financieros de Credito,22.04,26.79,31.41,9.37,16785000,19857000,22895000,23,25,27,72888000
55200,"Cooperativa de Vivienda, Crédito y Consumo para el Desarrollo Ltda (CO",Empresas Crédito Rápido Alto Riesgo,Proveedores No Financieros de Credito,99.45,99.45,99.45,0.0,22769000,22769000,22769000,2,2,2,22895000
55176,Trend Capital S.A.,Empresas Crédito Rápido Alto Riesgo,Proveedores No Financieros de Credito,15.65,14.04,4.89,-10.76,75358000,64390000,22679000,2,2,1,464180000
55598,AVANCRED SAS,Empresas Crédito Rápido Alto Riesgo,Proveedores No Financieros de Credito,78.13,75.82,75.82,-2.31,22487000,22487000,22487000,12,12,12,29658000
72134,Asociación Mutual de Ayuda entre Asociados y Adherentes del Club Atlét,Empresas Crédito Rápido Alto Riesgo,Proveedores No Financieros de Credito,7.93,8.25,8.54,0.61,22418000,22367000,22104000,25,25,25,258832000
51007,Fideicomiso de Afectación Específica para Garantizar Pymes Mendocinas,SGR y Fondos de Garantía,Fondos de Garantia Publicos,100.0,100.0,100.0,0.0,21447000,21447000,21447000,1,1,1,21447000
55162,Aquiprestamos.com S.A.,Empresas Crédito Rápido Alto Riesgo,Proveedores No Financieros de Credito,75.75,76.09,74.28,-1.47,23784000,22462000,20385000,812,762,695,27442000
55255,DINEFA S.R.L.,Empresas Crédito Rápido Alto Riesgo,Proveedores No Financieros de Credito,47.19,47.19,35.24,-11.95,18911000,18911000,19823000,84,84,80,56252000
50002,AFFIDAVIT SGR,SGR y Fondos de Garantía,SGR,99.23,49.77,45.41,-53.82,19778000,19778000,19778000,1,1,1,43552000
55501,DIE ZUKUNFT SA,Empresas Crédito Rápido Alto Riesgo,Proveedores No Financieros de Credito,3.89,3.89,3.91,0.02,18005000,18005000,18005000,2,2,2,460054000
00305,BANCO JULIO SOCIEDAD ANONIMA,Bancos Privados,Entidades Financieras - Bancos,0.93,0.78,0.77,-0.16,15751000,15644000,16179000,3,2,2,2101690000
50010,Poder SGR,SGR y Fondos de Garantía,SGR,80.12,80.12,90.63,10.51,12283000,12283000,14836000,3,3,3,16369000
55472,SUMA INVERSIONES S.A.,Empresas Crédito Rápido Alto Riesgo,Proveedores No Financieros de Credito,11.1,11.1,8.9,-2.2,14650000,14650000,14650000,5,5,5,164662000
55473,GrupoCDG SA,Empresas Crédito Rápido Alto Riesgo,Proveedores No Financieros de Credito,76.5,78.58,95.03,18.53,9695000,11047000,13775000,11,13,16,14495000
55310,MACRO SOLUTIONS SA,Empresas Crédito Rápido Alto Riesgo,Proveedores No Financieros de Credito,0.78,0.78,0.88,0.1,11725000,11725000,13564000,283,283,334,1535705000
55273,INSIGHT GROUP SA,Empresas Crédito Rápido Alto Riesgo,Proveedores No Financieros de Credito,2.39,2.39,2.41,0.02,13002000,13002000,13002000,29,29,29,540091000
55562,SERVICIOS CADMA SA,Empresas Crédito Rápido Alto Riesgo,Proveedores No Financieros de Credito,4.33,4.33,4.33,0.0,12905000,12905000,12905000,35,35,35,298236000
55316,KALIMA S.A.,Compra de Carteras en Mora,Proveedores No Financieros de Credito,100.0,100.0,100.0,0.0,12114000,12029000,12029000,79,78,78,12029000
55352,Cooperativa de vivienda crédito y consumo San José Ltda,Empresas Crédito Rápido Alto Riesgo,Proveedores No Financieros de Credito,5.73,6.01,5.46,-0.27,11501000,11313000,11058000,28,29,27,202675000
55532,PLUS COOPERATIVA DE CREDITO CONS Y VIV LTDA.,Empresas Crédito Rápido Alto Riesgo,Proveedores No Financieros de Credito,25.91,17.11,17.11,-8.8,10311000,9537000,9537000,2,2,2,55731000
72123,SOCIEDAD ARG DE SOCORROS MUTUO CORONDA,Empresas Crédito Rápido Alto Riesgo,Proveedores No Financieros de Credito,4.57,4.8,5.15,0.58,8617000,8611000,9137000,13,13,14,177563000
72136,Asociación Mutualista del Club Central San Carlos,Empresas Crédito Rápido Alto Riesgo,Proveedores No Financieros de Credito,0.76,0.75,0.75,-0.01,8925000,8720000,8720000,12,12,12,1157569000
55344,JALIN S.A.,Empresas Crédito Rápido Alto Riesgo,Proveedores No Financieros de Credito,0.0,0.0,2.89,2.89,0,0,8235000,0,0,1,285319000
55190,Gestisur Cooperativa de crédito y vivienda Ltda,Empresas Crédito Rápido Alto Riesgo,Proveedores No Financieros de Credito,6.66,8.78,12.28,5.62,8022000,8029000,8029000,1,1,1,65402000
72128,ASOCIACION MUTUAL CLUB COLON DE SAN JUSTO,Empresas Crédito Rápido Alto Riesgo,Proveedores No Financieros de Credito,2.07,1.94,1.94,-0.13,7092000,7048000,7048000,16,16,16,363558000
55314,REGGIO DI CALABRIA S.R.L.,Empresas Crédito Rápido Alto Riesgo,Proveedores No Financieros de Credito,0.52,0.52,0.02,-0.5,212391000,212391000,5672000,211,211,8,30521337000
71103,GLOBAL S.R.L.,Empresas Crédito Rápido Alto Riesgo,Proveedores No Financieros de Credito,16.77,16.77,14.97,-1.8,5595000,5595000,5595000,7,7,7,37383000
00147,BIBANK S.A.,Bancos Privados,Entidades Financieras - Bancos,5.88,0.0,6.79,0.91,5959000,0,5512000,1,0,1,81168000
55371,ASOCIACION MUTUAL EMLEADOS DE COMERCIO DE ROSARIO,Empresas Crédito Rápido Alto Riesgo,Proveedores No Financieros de Credito,1.08,1.05,1.46,0.38,3357000,3601000,5245000,8,10,10,360029000
55382,UFINAN SA,Empresas Crédito Rápido Alto Riesgo,Proveedores No Financieros de Credito,10.78,,12.04,1.26,2601000,,2758000,1,,1,22910000
55338,TRESSFEN SA,Empresas Crédito Rápido Alto Riesgo,Proveedores No Financieros de Credito,54.65,54.65,63.21,8.56,2570000,2570000,2685000,23,23,24,4248000
70231,MUTUAL DE ASOC Y ADHER CLUB SPORTS SALTO,Empresas Crédito Rápido Alto Riesgo,Proveedores No Financieros de Credito,5.34,5.34,14.23,8.89,892000,892000,2568000,4,4,3,18042000
55207,Mills Capital S.A.,Empresas Crédito Rápido Alto Riesgo,Proveedores No Financieros de Credito,26.74,26.74,100.0,73.26,2555000,2555000,2555000,4,4,4,2555000
70168,DIGIFIN S. A.,Empresas Crédito Rápido Alto Riesgo,Proveedores No Financieros de Credito,0.34,0.37,0.95,0.61,970000,1074000,2521000,1,1,2,266766000
71605,AVALON CREDITOS PERSONALES S.A.,Empresas Crédito Rápido Alto Riesgo,Proveedores No Financieros de Credito,6.38,23.93,23.93,17.55,2325000,2276000,2276000,9,9,9,9511000
00269,BANCO DE LA REPUBLICA ORIENTAL DEL URUGUAY,Bancos Privados,Entidades Financieras - Bancos,2.82,2.61,3.19,0.37,1961000,2036000,2093000,16,16,16,65586000
55561,TJS CAPITAL S.A.,Empresas Crédito Rápido Alto Riesgo,Proveedores No Financieros de Credito,0.99,0.94,0.94,-0.05,1557000,1512000,1512000,4,5,5,161357000
70808,Caja Municipal de Préstamos Sociedad de Economía Mixta,Empresas Crédito Rápido Alto Riesgo,Proveedores No Financieros de Credito,0.05,0.05,0.07,0.02,910000,910000,1376000,2,2,3,1996765000
50025,AVALES DEL CENTRO SGR,SGR y Fondos de Garantía,SGR,100.0,100.0,100.0,0.0,832000,832000,1142000,1,1,1,1142000
55535,WCA CAPITAL S. A. S.,Empresas Crédito Rápido Alto Riesgo,Proveedores No Financieros de Credito,3.65,0.33,2.9,-0.75,1172000,97000,829000,3,1,2,28550000
55292,TRANSCON S.A.U.,Compra de Carteras en Mora,Proveedores No Financieros de Credito,100.0,100.0,100.0,0.0,801000,801000,801000,5,5,5,801000
00254,BANCO MARIVA S.A.,Bancos Privados,Entidades Financieras - Bancos,0.6,0.0,0.0,-0.6,91901000,688000,521000,4,3,3,15440450000
55360,Credi-Full S.A.,Compra de Carteras en Mora,Proveedores No Financieros de Credito,100.0,100.0,100.0,0.0,512000,473000,473000,13,12,12,473000
10812,F.F. Y DE ADM REFINANCIAMIENTO DEUDORES AGROP PCIA DE RIO NEGRO,Empresas Crédito Rápido Alto Riesgo,Fideicomisos Financieros,0.76,0.76,0.76,0.0,117000,117000,117000,1,1,1,15354000
55320,POTSDAM S.A.,Compra de Carteras en Mora,Proveedores No Financieros de Credito,100.0,100.0,100.0,0.0,115000,115000,115000,2,2,2,115000
55234,"1° de Julio Cooperativa de Vivienda, Crédito y Consumo Ltda",Compra de Carteras en Mora,Proveedores No Financieros de Credito,100.0,100.0,100.0,0.0,96000,96000,96000,1,1,1,96000
00016,CITIBANK N.A.,Bancos Privados,Entidades Financieras - Bancos,,,,,0,0,0,0,0,0,0
00165,"JPMORGAN CHASE BANK, NATIONAL ASSOCIATION (SUCURSAL BUENOS AIRES)",Bancos Privados,Entidades Financieras - Bancos,,,,,0,0,0,0,0,0,0
00266,BNP PARIBAS,Bancos Privados,Entidades Financieras - Bancos,,,,,0,0,0,0,0,0,0
00319,BANCO CMF S.A.,Bancos Privados,Entidades Financieras - Bancos,0.0,0.0,0.0,0.0,0,0,0,2,2,2,295983000
00331,BANCO CETELEM ARGENTINA S.A.,Bancos Privados,Entidades Financieras - Bancos,,,,,0,0,0,0,0,0,0
00339,RCI BANQUE S.A.,Bancos Privados,Entidades Financieras - Bancos,,,,,0,0,0,0,0,0,0
10494,F.F. Y DE ADM. CHACO-ACTIVOS FINANCIEROS,Empresas Crédito Rápido Alto Riesgo,Fideicomisos Financieros,0.0,0.0,0.0,0.0,0,0,0,0,0,0,39478000
10500,F.F. Y DE ADM. LA RIOJA REFINANCIAMIENTO DEL SECTOR PROD.,Empresas Crédito Rápido Alto Riesgo,Fideicomisos Financieros,0.0,0.0,0.0,0.0,0,0,0,0,0,0,1901000
10608,F.F. Y DE ADM FIDEICOMISO DEUDORES AGROP BNA ENTRE RIOS,Empresas Crédito Rápido Alto Riesgo,Fideicomisos Financieros,0.0,0.0,0.0,0.0,0,0,0,0,0,0,714000
10923,F.F. PRIVADO GREEN LIGHT,Compra de Carteras en Mora,Fideicomisos Financieros,100.0,100.0,,,19926280000,19917371000,,69151,69103,,
40011,BELAT CROWDLENDING ARGENTINA,Empresas Crédito Rápido Alto Riesgo,Plataformas P2P,,,,,0,0,0,0,0,0,0
50003,AGROAVAL SGR,SGR y Fondos de Garantía,SGR,,,,,0,0,0,0,0,0,0
50015,INTEGRA PYMES SGR,SGR y Fondos de Garantía,SGR,,,,,0,0,0,0,0,0,0
50017,PROMOVER SGR,SGR y Fondos de Garantía,SGR,,,,,0,0,0,0,0,0,0
50024,AVAL FERTIL SGR,SGR y Fondos de Garantía,SGR,,,,,0,0,0,0,0,0,0
50029,Fid Aval SGR,SGR y Fondos de Garantía,SGR,0.0,0.0,,,0,0,,0,0,,
50034,Rig Avales S.G.R,SGR y Fondos de Garantía,SGR,100.0,100.0,,,5503000,5503000,,1,1,,
50040,MILLS SGR,SGR y Fondos de Garantía,SGR,,,,,0,0,0,0,0,0,0
50041,ALIANZA S.G.R.,SGR y Fondos de Garantía,SGR,97.78,97.78,,,463603000,463603000,,27,27,,
50042,SOLIDUM S.G.R.,SGR y Fondos de Garantía,SGR,,0.0,0.0,,0,0,0,0,0,0,78147000
50043,Neuquèn Pymes SGR,SGR y Fondos de Garantía,SGR,36.22,36.22,,,14956000,14956000,,3,3,,
50044,Trend SGR,SGR y Fondos de Garantía,SGR,,,,,0,0,0,0,0,0,0
50048,Zofinger S.G.R.,SGR y Fondos de Garantía,SGR,,,,,0,0,0,0,0,0,0
51008,Fondo de Garantías Entre Ríos S.A.P.E.M. (FO.GA.ER. S.A.P.E.M.),SGR y Fondos de Garantía,Fondos de Garantia Publicos,,,,,0,0,0,0,0,0,0
51011,FONDO DE GARANTIA CFI,SGR y Fondos de Garantía,Fondos de Garantia Publicos,,,,,,0,0,,0,0,0
51013,"Fondo de Garantías para el desarrollo de las Micro, Pequeñas y Mediana",SGR y Fondos de Garantía,Fondos de Garantia Publicos,,0.0,0.0,,,0,0,,0,0,1608000
51015,"Fideicomiso Fondo de Garantías para el Desarrollo de las Micro, Pequeñ",SGR y Fondos de Garantía,Fondos de Garantia Publicos,0.0,0.0,0.0,0.0,0,0,0,0,0,0,15810000
51016,Fondo de Garantía Río Negro (FoGaRío),SGR y Fondos de Garantía,Fondos de Garantia Publicos,0.0,0.0,,,0,0,,0,0,,
55005,Asociación Mutual de las Fuerzas Armadas y Seguridad (AMFAYS),Empresas Crédito Rápido Alto Riesgo,Proveedores No Financieros de Credito,23.18,23.18,,,3471696000,3471696000,,3586,3586,,
55046,Schejter y Schejter S.A.,Empresas Crédito Rápido Alto Riesgo,Proveedores No Financieros de Credito,0.0,0.0,0.0,0.0,0,0,0,0,0,0,84380000
55073,Oportunidad Microfinanciera Latinoamericana OMLA S.A.,Empresas Crédito Rápido Alto Riesgo,Proveedores No Financieros de Credito,18.76,18.76,,,612004000,612004000,,544,544,,
55094,Genesys S.A.,Empresas Crédito Rápido Alto Riesgo,Proveedores No Financieros de Credito,0.0,0.0,0.0,0.0,0,0,0,0,0,0,1005143000
55096,FINANCIACIONES CUYO S.A.,Empresas Crédito Rápido Alto Riesgo,Proveedores No Financieros de Credito,48.6,48.6,,,2684480000,2684480000,,13309,13309,,
55098,CONSUMO S.A.,Empresas Crédito Rápido Alto Riesgo,Proveedores No Financieros de Credito,81.07,81.07,,,5774810000,5774810000,,3525,3525,,
55100,BAZAR AVENIDA S.A.,Vendedores de Electrodomésticos y Retail,Proveedores No Financieros de Credito,71.2,71.2,,,59007942000,59007942000,,43620,43620,,
55130,"Mutual de Jubilados, Retirados y Pensionados Provinciales",Compra de Carteras en Mora,Proveedores No Financieros de Credito,100.0,100.0,,,108953000,108953000,,1744,1744,,
55151,PREVER COOPERATIVA DE CRÉDITO Y CONSUMO LTDA,Empresas Crédito Rápido Alto Riesgo,Proveedores No Financieros de Credito,25.5,,,,364920000,,,893,,,
55160,"Arrayanes Cooperativa de Vivienda, Crédito y Consumo",Empresas Crédito Rápido Alto Riesgo,Proveedores No Financieros de Credito,43.61,43.61,,,315669000,315669000,,267,267,,
55170,"Cooperativa de Viv., Cred. y Con. Amigal Ltda.",Empresas Crédito Rápido Alto Riesgo,Proveedores No Financieros de Credito,70.19,70.19,,,271626000,271626000,,1,1,,
55175,"Cooperativa Interamericana de Credito, Vivienda y Consumo Limitada",Empresas Crédito Rápido Alto Riesgo,Proveedores No Financieros de Credito,0.0,0.0,0.0,0.0,0,0,0,0,0,0,175230000
55177,"Catalinas Cooperativa de Crédito, Consumo y Vivienda Ltda.",Empresas Crédito Rápido Alto Riesgo,Proveedores No Financieros de Credito,0.0,0.0,0.0,0.0,0,0,0,0,0,0,39873000
55178,Cooperativa de Crédito y Vivienda Unicred Ltda.,Empresas Crédito Rápido Alto Riesgo,Proveedores No Financieros de Credito,0.0,0.0,0.0,0.0,0,0,0,0,0,0,140253000
55183,"Nobel Cooperativa de Crédito, Vivienda y Servicio de Transporte Ltda.",Empresas Crédito Rápido Alto Riesgo,Proveedores No Financieros de Credito,0.0,0.0,0.0,0.0,0,0,0,0,0,0,90257000
55185,"Cooperativa de Crédito, Consumo y Vvienda Fincredit Ltda",Empresas Crédito Rápido Alto Riesgo,Proveedores No Financieros de Credito,,,,,0,0,0,0,0,0,0
55186,Confinance S.A.,Empresas Crédito Rápido Alto Riesgo,Proveedores No Financieros de Credito,0.0,0.0,0.0,0.0,0,0,0,0,0,0,59169000
55188,"Cooperativa de Vivienda, Crédito y Consumo del Litoral Ltda",Empresas Crédito Rápido Alto Riesgo,Proveedores No Financieros de Credito,0.0,0.0,0.0,0.0,0,0,0,0,0,0,211962000
55189,Compañía General de Finanzas S.A.,Empresas Crédito Rápido Alto Riesgo,Proveedores No Financieros de Credito,0.0,0.0,0.0,0.0,0,0,0,0,0,0,4495000
55192,G Y F Factoring S.A.,Empresas Crédito Rápido Alto Riesgo,Proveedores No Financieros de Credito,0.0,0.0,0.0,0.0,0,0,0,0,0,0,27131000
55194,Policredito Coop. Limitada de Crédito y Vivienda.,Empresas Crédito Rápido Alto Riesgo,Proveedores No Financieros de Credito,0.0,0.0,0.0,0.0,0,0,0,0,0,0,47245000
55195,Libertador Factoring S.A.,Empresas Crédito Rápido Alto Riesgo,Proveedores No Financieros de Credito,0.0,0.0,0.0,0.0,0,0,0,0,0,0,63367000
55196,Cooperativa Concred de crédito y vivienda Ltda.,Empresas Crédito Rápido Alto Riesgo,Proveedores No Financieros de Credito,0.0,0.0,0.0,0.0,0,0,0,0,0,0,83028000
55198,Cooperativa de Vivienda Crédito y Consumo Concepción Limitada,Empresas Crédito Rápido Alto Riesgo,Proveedores No Financieros de Credito,0.0,0.0,0.0,0.0,0,0,0,0,0,0,328307000
55202,Depsa Valores S.A.,Empresas Crédito Rápido Alto Riesgo,Proveedores No Financieros de Credito,0.0,0.0,0.0,0.0,0,0,0,0,0,0,460911000
55204,Development Corp S.A.,Empresas Crédito Rápido Alto Riesgo,Proveedores No Financieros de Credito,0.0,0.0,0.0,0.0,0,0,0,0,0,0,85723000
55208,GS Negocios S.A.,Empresas Crédito Rápido Alto Riesgo,Proveedores No Financieros de Credito,,,,,0,0,0,0,0,0,0
55216,Finsol Microcreditos S.A.,Empresas Crédito Rápido Alto Riesgo,Proveedores No Financieros de Credito,,,0.0,,,,0,,,0,2555082000
55225,EXI S.A.,Compra de Carteras en Mora,Proveedores No Financieros de Credito,100.0,100.0,,,19415225000,19414385000,,45337,45335,,
55241,Joamar S.A.,Empresas Crédito Rápido Alto Riesgo,Proveedores No Financieros de Credito,0.0,0.0,0.0,0.0,0,0,0,0,0,0,18413000
55258,HOMYT S.A,Empresas Crédito Rápido Alto Riesgo,Proveedores No Financieros de Credito,0.0,0.0,0.0,0.0,0,0,0,0,0,0,87965000
55269,SERVICIOS OSTENDE SRL,Empresas Crédito Rápido Alto Riesgo,Proveedores No Financieros de Credito,0.0,0.0,0.0,0.0,0,0,0,0,0,0,230818000
55279,SOLVENTA SAS,Empresas Crédito Rápido Alto Riesgo,Proveedores No Financieros de Credito,0.0,0.0,0.0,0.0,0,0,0,0,0,0,3022333000
55281,ASOCIACION MUTUAL CELESOL DE SERVICIOS INTEGRALES Y EDUCATIVOS,Empresas Crédito Rápido Alto Riesgo,Proveedores No Financieros de Credito,11.82,11.82,,,1756609000,1756609000,,2267,2267,,
55288,GLOBAL CAPITAL MANAGEMENT SA,Empresas Crédito Rápido Alto Riesgo,Proveedores No Financieros de Credito,90.67,90.67,,,742643000,742643000,,1814,1814,,
55289,UNION PROVINCIAL ASOCIACION MUTUAL,Empresas Crédito Rápido Alto Riesgo,Proveedores No Financieros de Credito,98.97,98.97,,,2174018000,2174018000,,12451,12451,,
55302,TRAYECTORIA LEASING S.A.U.,Empresas Crédito Rápido Alto Riesgo,Proveedores No Financieros de Credito,0.0,0.0,0.0,0.0,0,0,0,0,0,0,24710000
55313,MICODEMO S.A.,Empresas Crédito Rápido Alto Riesgo,Proveedores No Financieros de Credito,95.71,95.71,,,3706000,3706000,,26,26,,
55333,El Nexo S.A.,Empresas Crédito Rápido Alto Riesgo,Proveedores No Financieros de Credito,0.0,0.0,0.0,0.0,0,0,0,0,0,0,2625935000
55336,OSCAR BARBIERI S.A.,Vendedores de Electrodomésticos y Retail,Proveedores No Financieros de Credito,18.06,18.06,,,1454649000,1454649000,,3535,3535,,
55342,"Asistir Cooperativa de Vivienda, Credito, Consumo y Servicios Sociales",Empresas Crédito Rápido Alto Riesgo,Proveedores No Financieros de Credito,0.0,0.0,0.0,0.0,0,0,0,0,0,0,2039966000
55345,CSPB INVERSIONES SA,Empresas Crédito Rápido Alto Riesgo,Proveedores No Financieros de Credito,0.0,0.0,0.0,0.0,0,0,0,0,0,0,33860000
55346,Number S.A.,Empresas Crédito Rápido Alto Riesgo,Proveedores No Financieros de Credito,,,,,0,0,0,0,0,0,0
55357,CREDIBEL S.A.,Empresas Crédito Rápido Alto Riesgo,Proveedores No Financieros de Credito,0.0,0.0,0.0,0.0,0,0,0,0,0,0,2845214000
55359,DHF SA,Empresas Crédito Rápido Alto Riesgo,Proveedores No Financieros de Credito,0.0,0.0,,,0,0,,0,0,,
55375,COOP. DE CRED. CONS. Y VIV. MASELE LTDA,Empresas Crédito Rápido Alto Riesgo,Proveedores No Financieros de Credito,0.0,0.0,0.0,0.0,0,0,0,0,0,0,12980889000
55392,NEGOCIOS FINANCIEROS CREDILOMAS S.A.,Compra de Carteras en Mora,Proveedores No Financieros de Credito,100.0,100.0,,,7272000,7272000,,49,49,,
55401,ZHARO SA,Empresas Crédito Rápido Alto Riesgo,Proveedores No Financieros de Credito,,,0.0,,,,0,,,0,34413000
55409,Finet SA,Empresas Crédito Rápido Alto Riesgo,Proveedores No Financieros de Credito,98.22,98.22,,,15855907000,15855907000,,14465,14465,,
55414,INTERCAPITAL FACTORING S.A.,Empresas Crédito Rápido Alto Riesgo,Proveedores No Financieros de Credito,0.0,0.0,0.0,0.0,0,0,0,0,0,0,34987000
55415,BLM SERVICIOS SA,Empresas Crédito Rápido Alto Riesgo,Proveedores No Financieros de Credito,0.0,0.0,0.0,0.0,0,0,0,0,0,0,121688000
55420,MARIAS CAPITAL SA,Empresas Crédito Rápido Alto Riesgo,Proveedores No Financieros de Credito,0.0,0.0,0.0,0.0,0,0,0,0,0,0,81388000
55429,POLO VALORES S.A.,Empresas Crédito Rápido Alto Riesgo,Proveedores No Financieros de Credito,,,,,0,0,0,0,0,0,0
55435,PARABENS TRUST S.A.,Empresas Crédito Rápido Alto Riesgo,Proveedores No Financieros de Credito,0.0,0.0,0.0,0.0,0,0,0,0,0,0,80208000
55445,BLM DESARROLLOS SA,Empresas Crédito Rápido Alto Riesgo,Proveedores No Financieros de Credito,,,,,0,0,0,0,0,0,0
55457,MIGXION S.A.,Empresas Crédito Rápido Alto Riesgo,Proveedores No Financieros de Credito,0.0,0.0,0.0,0.0,0,0,0,0,0,0,31568000
55459,Admiral Finance SA,Empresas Crédito Rápido Alto Riesgo,Proveedores No Financieros de Credito,0.0,0.0,0.0,0.0,0,0,0,0,0,0,1488236000
55464,MUTUAL DE INTEGRANTES DEL PODER JUDICIAL,Empresas Crédito Rápido Alto Riesgo,Proveedores No Financieros de Credito,0.0,0.0,0.0,0.0,0,0,0,0,0,0,61568000
55467,UQUIA S.R.L,Empresas Crédito Rápido Alto Riesgo,Proveedores No Financieros de Credito,0.0,0.0,0.0,0.0,0,0,0,0,0,0,8106000
55474,FIDEICOMISOS MANDATOS E INVERSIONES SA,Empresas Crédito Rápido Alto Riesgo,Proveedores No Financieros de Credito,0.0,0.0,0.0,0.0,0,0,0,0,0,0,2100000
55479,FIDUCIA ARGENTINA S.A.S.,Empresas Crédito Rápido Alto Riesgo,Proveedores No Financieros de Credito,53.24,53.24,,,45574000,45574000,,44,44,,
55481,AGMA S.R.L,Empresas Crédito Rápido Alto Riesgo,Proveedores No Financieros de Credito,0.0,,0.0,0.0,0,,0,0,,0,3619000
55485,G&T GESTIONES COMERCIALES S.A.,Empresas Crédito Rápido Alto Riesgo,Proveedores No Financieros de Credito,0.0,,,,0,0,0,0,0,0,0
55497,FINLATINA SA,Empresas Crédito Rápido Alto Riesgo,Proveedores No Financieros de Credito,93.08,93.08,,,464067000,464067000,,1,1,,
55502,ATYLIUM FINANCE GROUP SA,Empresas Crédito Rápido Alto Riesgo,Proveedores No Financieros de Credito,0.0,0.0,0.0,0.0,0,0,0,0,0,0,81500000
55506,CYFSA S.A.,Empresas Crédito Rápido Alto Riesgo,Proveedores No Financieros de Credito,0.0,0.0,0.0,0.0,0,0,0,0,0,0,98399000
55510,FINANLEASE S.A,Empresas Crédito Rápido Alto Riesgo,Proveedores No Financieros de Credito,0.0,0.0,0.0,0.0,0,0,0,0,0,0,1144381000
55520,"Asociación Mutual Trabajadores del Hospital de Pediatria SAMIC ""Profes",Empresas Crédito Rápido Alto Riesgo,Proveedores No Financieros de Credito,0.0,0.0,0.0,0.0,0,0,0,0,0,0,1629941000
55521,GRAY MATTER SRL,Empresas Crédito Rápido Alto Riesgo,Proveedores No Financieros de Credito,0.0,0.0,0.0,0.0,0,0,0,0,0,0,13000000
55538,CORDOBA VALORES S.A.,Empresas Crédito Rápido Alto Riesgo,Proveedores No Financieros de Credito,,,,,0,0,0,0,0,0,0
55545,GZM SOLUCIONES S.A,Empresas Crédito Rápido Alto Riesgo,Proveedores No Financieros de Credito,,,,,0,0,0,0,0,0,0
55575,GRECO INVERSIONES SRL,Empresas Crédito Rápido Alto Riesgo,Proveedores No Financieros de Credito,0.0,0.0,0.0,0.0,0,0,0,0,0,0,49716000
55577,BLOQUES S.A.,Empresas Crédito Rápido Alto Riesgo,Proveedores No Financieros de Credito,0.0,0.0,0.0,0.0,0,0,0,0,0,0,4910000
55582,VERTIX S.A.,Empresas Crédito Rápido Alto Riesgo,Proveedores No Financieros de Credito,0.0,0.0,0.0,0.0,0,0,0,0,0,0,175859000
55588,SIMBA TRADING S.A.,Empresas Crédito Rápido Alto Riesgo,Proveedores No Financieros de Credito,0.0,0.0,0.0,0.0,0,0,0,0,0,0,518275000
55602,ENTERPRISE AID GROUP S.A.,Empresas Crédito Rápido Alto Riesgo,Proveedores No Financieros de Credito,,,0.0,,,,0,,,0,76751000
70166,PRESTAMAS S.A.,Empresas Crédito Rápido Alto Riesgo,Proveedores No Financieros de Credito,62.14,,,,50612000,,,130,,,
70268,Asociación Mutual 20 de Julio,Empresas Crédito Rápido Alto Riesgo,Proveedores No Financieros de Credito,0.0,0.0,,,0,0,,0,0,,
70806,EMPRENDER S.A.,Empresas Crédito Rápido Alto Riesgo,Proveedores No Financieros de Credito,0.0,0.0,0.0,0.0,0,0,0,0,0,0,42595000
71101,NOA CARD S.A.,Tarjetas de Crédito No Bancarias,Proveedores No Financieros de Credito,7.06,7.06,,,116031000,116031000,,189,189,,
72129,ASOCIACION MUTUAL CLUB ATLETICO PILAR,Empresas Crédito Rápido Alto Riesgo,Proveedores No Financieros de Credito,5.65,5.65,,,278918000,278918000,,128,128,,
72614,MUTUAL DE DOCENTES DE NEUQUEN,Empresas Crédito Rápido Alto Riesgo,Proveedores No Financieros de Credito,0.0,,0.0,0.0,0,,0,0,,0,729631000
72629,N&CO PAY CREDIT SERVICIOS FINANCIEROS S.A.,Empresas Crédito Rápido Alto Riesgo,Proveedores No Financieros de Credito,,,0.0,,,,0,,,0,15637000
72638,Pago Virtual del Sur S.A.,Empresas Crédito Rápido Alto Riesgo,Proveedores No Financieros de Credito,0.0,0.0,0.0,0.0,0,0,0,0,0,0,1000000
72639,SILOHUB ARGENTINA S.A.S.,Empresas Crédito Rápido Alto Riesgo,Proveedores No Financieros de Credito,0.0,0.0,0.0,0.0,0,0,0,0,0,0,9280000
