regimen,mes,ph_monto_mora,ph_monto_cartera,ph_tasa_mora_monto_pct,ph_personas_mora,pj_monto_mora,pj_monto_cartera,pj_tasa_mora_monto_pct
Entidades Financieras - Bancos,2026-06,9484225806000,76791803645000,12.35,3135766,2517721561000,82766149477000,3.04
Entidades Financieras - Bancos,2026-07,9723313490000,77576237732000,12.53,3200452,2666985049000,84887555058000,3.14
Entidades Financieras - Bancos,2026-08,9822831763000,78975196749000,12.44,3299809,2938008994000,87578738893000,3.35
Entidades Financieras - Companias Financieras,2026-06,366845096000,3706673833000,9.9,812256,36405652000,1334969537000,2.73
Entidades Financieras - Companias Financieras,2026-07,387745166000,3738070786000,10.37,831960,36117634000,1396126277000,2.59
Entidades Financieras - Companias Financieras,2026-08,407433519000,3813816176000,10.68,847849,38191627000,1390208679000,2.75
Fideicomisos Financieros,2026-06,494017195000,494089134000,99.99,704126,7968925000,8003177000,99.57
Fideicomisos Financieros,2026-07,494579691000,494650596000,99.99,710007,7938920000,7973181000,99.57
Fideicomisos Financieros,2026-08,560614127000,560681647000,99.99,634764,11848908000,11883169000,99.71
Fondos de Garantia Publicos,2026-06,33302781000,44561797000,74.73,54422,15350424000,20343460000,75.46
Fondos de Garantia Publicos,2026-07,37325127000,48805618000,76.48,54779,17335097000,22674232000,76.45
Fondos de Garantia Publicos,2026-08,40127977000,50617618000,79.28,36567,19370996000,23656831000,81.88
Plataformas P2P,2026-06,0,0,,0,0,1199753000,0.0
Plataformas P2P,2026-07,0,0,,0,0,1396779000,0.0
Plataformas P2P,2026-08,0,0,,0,0,1629754000,0.0
Proveedores No Financieros de Credito,2026-06,4443798560000,14391559221000,30.88,5267757,95712107000,1233344880000,7.76
Proveedores No Financieros de Credito,2026-07,4524917465000,14406197119000,31.41,5335979,95400683000,1193708710000,7.99
Proveedores No Financieros de Credito,2026-08,4653610619000,14816855948000,31.41,5401939,101798887000,1218837168000,8.35
SGR,2026-06,20221869000,23777189000,85.05,2376,92436258000,109913260000,84.1
SGR,2026-07,22673897000,26503455000,85.55,2478,102315847000,120328059000,85.03
SGR,2026-08,25132744000,28645078000,87.74,2606,116793975000,134819575000,86.63
