categoria,mes,monto_mora,monto_cartera,tasa_mora_monto_pct,personas_mora,personas_cartera,tasa_mora_personas_pct,credito_promedio_mora
Banco Nación,2026-06,1552668651000,19324074373000,8.03,377731,2379450,15.87,4110514
Banco Nación,2026-07,1631031343000,20017294089000,8.15,386573,2389903,16.18,4219207
Banco Nación,2026-08,1741329421000,20672893176000,8.42,400032,2397636,16.68,4352975
Bancos Provinciales,2026-06,2065643069000,16978245409000,12.17,568569,4598887,12.36,3633056
Bancos Provinciales,2026-07,2148609753000,17132715350000,12.54,580778,4592469,12.65,3699537
Bancos Provinciales,2026-08,2263995554000,17462632148000,12.96,609362,4587716,13.28,3715354
Bancos Privados,2026-06,5812499723000,40252446226000,14.44,2128003,12345557,17.24,2731434
Bancos Privados,2026-07,5895282779000,40189463466000,14.67,2172867,12421884,17.49,2713136
Bancos Privados,2026-08,5787247641000,40599475891000,14.25,2226972,12553347,17.74,2598707
Fintech y Billeteras,2026-06,892078481000,4422962115000,20.17,2019819,8883398,22.74,441663
Fintech y Billeteras,2026-07,933955822000,4475296604000,20.87,2076411,9103308,22.81,449793
Fintech y Billeteras,2026-08,971961427000,4714630804000,20.62,2158086,9535424,22.63,450381
Tarjetas de Crédito No Bancarias,2026-06,1462027398000,5739181016000,25.47,1255397,4880933,25.72,1164594
Tarjetas de Crédito No Bancarias,2026-07,1509212020000,5758278631000,26.21,1273800,4847055,26.28,1184811
Tarjetas de Crédito No Bancarias,2026-08,1541589966000,5826932773000,26.46,1283674,4834343,26.55,1200920
Vendedores de Electrodomésticos y Retail,2026-06,688627383000,1598355972000,43.08,591383,1784381,33.14,1164436
Vendedores de Electrodomésticos y Retail,2026-07,665495449000,1533462927000,43.4,567971,1705614,33.3,1171707
Vendedores de Electrodomésticos y Retail,2026-08,688196263000,1564849877000,43.98,574288,1700387,33.77,1198347
Empresas Crédito Rápido Alto Riesgo,2026-06,1551270359000,3898242383000,39.79,1955550,4207265,46.48,793266
Empresas Crédito Rápido Alto Riesgo,2026-07,1573368490000,3868463684000,40.67,1985380,4206470,47.2,792477
Empresas Crédito Rápido Alto Riesgo,2026-08,1607113583000,3959345755000,40.59,2006795,4244592,47.28,800836
Financieras de Marca / Prendarias,2026-06,93961118000,2500495444000,3.76,9616,209671,4.59,9771331
Financieras de Marca / Prendarias,2026-07,98200346000,2564720149000,3.83,10184,215144,4.73,9642611
Financieras de Marca / Prendarias,2026-08,107901994000,2630604657000,4.1,10342,219492,4.71,10433378
SGR y Fondos de Garantía,2026-06,53503645000,68315863000,78.32,56793,58894,96.43,942082
SGR y Fondos de Garantía,2026-07,59975196000,75282264000,79.67,57252,59151,96.79,1047565
SGR y Fondos de Garantía,2026-08,65236252000,79232896000,82.33,39168,40768,96.08,1665550
Compra de Carteras en Mora,2026-06,670131480000,670146018000,100.0,1013842,1013880,100.0,660982
Compra de Carteras en Mora,2026-07,675423638000,675488142000,99.99,1024439,1024466,100.0,659311
Compra de Carteras en Mora,2026-08,735178648000,735215239000,100.0,914815,914843,100.0,803636
